errorrate,iterations,density,l,c,m,gamma,erasures,maxiterations,tests,efficiency,fsum,fcorrupt,pcons,pdes,degree,activities,alphabetsize,winners,poolsize,efficacy,refficacy
0,1,.015148798624674479,512,4,1000,1,1,1,1000,.03752577059369939,sum_of_sum!,erase_clusters!,1,0,0,2,130816,0,3,.03752577059369939,.05003436079159918
0,1,.015146043565538196,512,4,1000,1,1,4,1000,.03752577059369939,sum_of_sum!,erase_clusters!,1,0,0,2,130816,0,3,.03752577059369939,.05003436079159918
.0006666666666666673,1,.015143288506401911,512,4,1000,1,2,1,1000,.03752577059369939,sum_of_sum!,erase_clusters!,1,0,0,2,130816,0,3,.03750075341330359,.07500150682660718
0,1.0006666666666666,.015129513210720485,512,4,1000,1,2,4,1000,.03752577059369939,sum_of_sum!,erase_clusters!,1,0,0,2,130816,0,3,.03752577059369939,.07505154118739878
0,1,.03005536397298177,512,4,2000,1,1,1,1000,.07377997543219045,sum_of_sum!,erase_clusters!,1,0,0,2,130816,0,3,.07377997543219045,.09837330057625393
0,1,.030048370361328125,512,4,2000,1,1,4,1000,.07377997543219045,sum_of_sum!,erase_clusters!,1,0,0,2,130816,0,3,.07377997543219045,.09837330057625393
.0013333333333333346,1,.030052608913845483,512,4,2000,1,2,1,1000,.07377997543219045,sum_of_sum!,erase_clusters!,1,0,0,2,130816,0,3,.07368160213161419,.14736320426322838
0,1.0006666666666666,.03005557590060764,512,4,2000,1,2,4,1000,.07377997543219045,sum_of_sum!,erase_clusters!,1,0,0,2,130816,0,3,.07377997543219045,.1475599508643809
0,1,.04476081000434028,512,4,3000,1,1,1,1000,.1095542357222886,sum_of_sum!,erase_clusters!,1,0,0,2,130816,0,3,.1095542357222886,.14607231429638481
0,1,.04475275675455729,512,4,3000,1,1,4,1000,.1095542357222886,sum_of_sum!,erase_clusters!,1,0,0,2,130816,0,3,.1095542357222886,.14607231429638481
.0043333333333333375,1,.044757843017578125,512,4,3000,1,2,1,1000,.1095542357222886,sum_of_sum!,erase_clusters!,1,0,0,2,130816,0,3,.10907950070082535,.2181590014016507
0,1.0056666666666667,.044756995307074644,512,4,3000,1,2,4,1000,.1095542357222886,sum_of_sum!,erase_clusters!,1,0,0,2,130816,0,3,.1095542357222886,.2191084714445772
0,1,.059236102634006076,512,4,4000,1,1,1,1000,.14501681935396424,sum_of_sum!,erase_clusters!,1,0,0,2,130816,0,3,.14501681935396424,.193355759138619
0,1,.05922084384494358,512,4,4000,1,1,4,1000,.14501681935396424,sum_of_sum!,erase_clusters!,1,0,0,2,130816,0,3,.14501681935396424,.193355759138619
.014333333333333345,1,.0592286851671007,512,4,4000,1,2,1,1000,.14501681935396424,sum_of_sum!,erase_clusters!,1,0,0,2,130816,0,3,.14293824494322407,.28587648988644815
0,1.0103333333333333,.05923928154839409,512,4,4000,1,2,4,1000,.14501681935396424,sum_of_sum!,erase_clusters!,1,0,0,2,130816,0,3,.14501681935396424,.2900336387079285
0,1,.073467042711046,512,4,5000,1,1,1,1000,.18024764233970972,sum_of_sum!,erase_clusters!,1,0,0,2,130816,0,3,.18024764233970972,.24033018978627962
.00033333333333333365,1.0010000000000001,.07344500223795573,512,4,5000,1,1,4,1000,.18024764233970972,sum_of_sum!,erase_clusters!,1,0,0,2,130816,0,3,.18018755979226314,.2402500797230175
.0356666666666667,1,.07348336113823783,512,4,5000,1,2,1,1000,.18024764233970972,sum_of_sum!,erase_clusters!,1,0,0,2,130816,0,3,.1738188097629267,.3476376195258534
.0010000000000000009,1.038,.07345644632975261,512,4,5000,1,2,4,1000,.18024764233970972,sum_of_sum!,erase_clusters!,1,0,0,2,130816,0,3,.18006739469737001,.36013478939474003
0,1,.08746592203776042,512,4,6000,1,1,1,1000,.2152937741789522,sum_of_sum!,erase_clusters!,1,0,0,2,130816,0,3,.2152937741789522,.28705836557193626
.001666666666666668,1.005,.08744833204481338,512,4,6000,1,1,4,1000,.2152937741789522,sum_of_sum!,erase_clusters!,1,0,0,2,130816,0,3,.21493495122198727,.2865799349626497
.06666666666666665,1,.08743985493977864,512,4,6000,1,2,1,1000,.2152937741789522,sum_of_sum!,erase_clusters!,1,0,0,2,130816,0,3,.2009408559003554,.4018817118007108
.0010000000000000009,1.0756666666666665,.08750237358940971,512,4,6000,1,2,4,1000,.2152937741789522,sum_of_sum!,erase_clusters!,1,0,0,2,130816,0,3,.21507848040477326,.4301569608095465
.0010000000000000009,1,.10133637322319877,512,4,7000,1,1,1,1000,.2501863168202817,sum_of_sum!,erase_clusters!,1,0,0,2,130816,0,3,.24993613050346142,.3332481740046152
.0006666666666666673,1.002,.10131878323025174,512,4,7000,1,1,4,1000,.2501863168202817,sum_of_sum!,erase_clusters!,1,0,0,2,130816,0,3,.2500195259424015,.33335936792320203
.11299999999999999,1,.10127215915256076,512,4,7000,1,2,1,1000,.2501863168202817,sum_of_sum!,erase_clusters!,1,0,0,2,130816,0,3,.22191526301958986,.4438305260391797
.0006666666666666673,1.1146666666666667,.10133552551269531,512,4,7000,1,2,4,1000,.2501863168202817,sum_of_sum!,erase_clusters!,1,0,0,2,130816,0,3,.2500195259424015,.500039051884803
.0023333333333333353,1,.11492241753472222,512,4,8000,1,1,1,1000,.2849473756870951,sum_of_sum!,erase_clusters!,1,0,0,2,130816,0,3,.2842824984771586,.3790433313028781
.001666666666666668,1.0050000000000001,.11487409803602429,512,4,8000,1,1,4,1000,.2849473756870951,sum_of_sum!,erase_clusters!,1,0,0,2,130816,0,3,.2844724633942833,.3792966178590444
.18200000000000002,1,.11498620775010852,512,4,8000,1,2,1,1000,.2849473756870951,sum_of_sum!,erase_clusters!,1,0,0,2,130816,0,3,.2330869533120438,.4661739066240876
.0040000000000000036,1.2113333333333334,.11494085523817273,512,4,8000,1,2,4,1000,.2849473756870951,sum_of_sum!,erase_clusters!,1,0,0,2,130816,0,3,.2838075861843467,.5676151723686934
.003333333333333336,1,.1283662584092882,512,4,9000,1,1,1,1000,.31959347899043705,sum_of_sum!,erase_clusters!,1,0,0,2,130816,0,3,.3185281673938023,.4247042231917364
.0020000000000000018,1.006,.1283594767252604,512,4,9000,1,1,4,1000,.31959347899043705,sum_of_sum!,erase_clusters!,1,0,0,2,130816,0,3,.3189542920324562,.4252723893766082
.27033333333333337,1,.12834337022569442,512,4,9000,1,2,1,1000,.31959347899043705,sum_of_sum!,erase_clusters!,1,0,0,2,130816,0,3,.23319670850335558,.46639341700671116
.0046666666666666705,1.2683333333333333,.1283872392442491,512,4,9000,1,2,4,1000,.31959347899043705,sum_of_sum!,erase_clusters!,1,0,0,2,130816,0,3,.3181020427551483,.6362040855102966
.005666666666666671,1,.14155493842230904,512,4,10000,1,1,1,1000,.3541374559033778,sum_of_sum!,erase_clusters!,1,0,0,2,130816,0,3,.352130676986592,.469507569315456
.005666666666666671,1.0170000000000001,.1414922078450521,512,4,10000,1,1,4,1000,.3541374559033778,sum_of_sum!,erase_clusters!,1,0,0,2,130816,0,3,.352130676986592,.469507569315456
.35799999999999993,1,.141387939453125,512,4,10000,1,2,1,1000,.3541374559033778,sum_of_sum!,erase_clusters!,1,0,0,2,130816,0,3,.2273562466899686,.4547124933799372
.01100000000000001,1.3706666666666667,.14158863491482207,512,4,10000,1,2,4,1000,.3541374559033778,sum_of_sum!,erase_clusters!,1,0,0,2,130816,0,3,.35024194388844065,.7004838877768813
.008666666666666675,1,.15456242031521267,512,4,11000,1,1,1,1000,.3885895552476006,sum_of_sum!,erase_clusters!,1,0,0,2,130816,0,3,.38522177910212135,.5136290388028285
.010333333333333342,1.031,.15453423394097224,512,4,11000,1,1,4,1000,.3885895552476006,sum_of_sum!,erase_clusters!,1,0,0,2,130816,0,3,.3845741298433754,.5127655064578339
.46199999999999997,1,.15453147888183594,512,4,11000,1,2,1,1000,.3885895552476006,sum_of_sum!,erase_clusters!,1,0,0,2,130816,0,3,.20906118072320912,.41812236144641823
.020666666666666684,1.5170000000000001,.1544971466064453,512,4,11000,1,2,4,1000,.3885895552476006,sum_of_sum!,erase_clusters!,1,0,0,2,130816,0,3,.38055870443915013,.7611174088783003
.013333333333333345,1,.16731537712944877,512,4,12000,1,1,1,1000,.4229581538266544,sum_of_sum!,erase_clusters!,1,0,0,2,130816,0,3,.41731871177563234,.5564249490341765
.013333333333333345,1.04,.1673736572265625,512,4,12000,1,1,4,1000,.4229581538266544,sum_of_sum!,erase_clusters!,1,0,0,2,130816,0,3,.41731871177563234,.5564249490341765
.5850000000000001,1,.16728994581434461,512,4,12000,1,2,1,1000,.4229581538266544,sum_of_sum!,erase_clusters!,1,0,0,2,130816,0,3,.17552763383806155,.3510552676761231
.0376666666666667,1.6849999999999998,.16730075412326387,512,4,12000,1,2,4,1000,.4229581538266544,sum_of_sum!,erase_clusters!,1,0,0,2,130816,0,3,.40702673003251705,.8140534600650341
.018000000000000016,1,.17991511027018228,512,4,13000,1,1,1,1000,.45725022695688566,sum_of_sum!,erase_clusters!,1,0,0,2,130816,0,3,.4490197228716617,.5986929638288823
.022333333333333354,1.0670000000000002,.17989603678385416,512,4,13000,1,1,4,1000,.45725022695688566,sum_of_sum!,erase_clusters!,1,0,0,2,130816,0,3,.4470383052215152,.5960510736286869
.6636666666666666,1,.17993397182888451,512,4,13000,1,2,1,1000,.45725022695688566,sum_of_sum!,erase_clusters!,1,0,0,2,130816,0,3,.15378849299983258,.30757698599966515
.05300000000000005,1.8153333333333332,.17998483445909286,512,4,13000,1,2,4,1000,.45725022695688566,sum_of_sum!,erase_clusters!,1,0,0,2,130816,0,3,.4330159649281707,.8660319298563414
.038333333333333365,1,.192344241672092,512,4,14000,1,1,1,1000,.4914716733541051,sum_of_sum!,erase_clusters!,1,0,0,2,130816,0,3,.47263192587553104,.6301759011673748
.03333333333333336,1.0999999999999999,.19229486253526476,512,4,14000,1,1,4,1000,.4914716733541051,sum_of_sum!,erase_clusters!,1,0,0,2,130816,0,3,.47508928424230157,.6334523789897354
.7693333333333333,1,.19242392645941842,512,4,14000,1,2,1,1000,.4914716733541051,sum_of_sum!,erase_clusters!,1,0,0,2,130816,0,3,.11336613265368024,.2267322653073605
.0883333333333333,2.0253333333333337,.1923438178168403,512,4,14000,1,2,4,1000,.4914716733541051,sum_of_sum!,erase_clusters!,1,0,0,2,130816,0,3,.4480583422078258,.8961166844156516
.0386666666666667,1,.2046116722954644,512,4,15000,1,1,1,1000,.5256275467250812,sum_of_sum!,erase_clusters!,1,0,0,2,130816,0,3,.5053032815850447,.6737377087800596
.04333333333333337,1.1300000000000001,.20455953809950086,512,4,15000,1,1,4,1000,.5256275467250812,sum_of_sum!,erase_clusters!,1,0,0,2,130816,0,3,.502850353033661,.6704671373782146
.8456666666666667,1,.20454512702094185,512,4,15000,1,2,1,1000,.5256275467250812,sum_of_sum!,erase_clusters!,1,0,0,2,130816,0,3,.08112185137790419,.16224370275580838
.10833333333333332,2.155,.20458136664496526,512,4,15000,1,2,4,1000,.5256275467250812,sum_of_sum!,erase_clusters!,1,0,0,2,130816,0,3,.46868456249653073,.9373691249930615
.05566666666666672,1,.21666844685872397,512,4,16000,1,1,1,1000,.5597222253325236,sum_of_sum!,erase_clusters!,1,0,0,2,130816,0,3,.5285643547890131,.7047524730520175
.06400000000000002,1.192,.21669938829210067,512,4,16000,1,1,4,1000,.5597222253325236,sum_of_sum!,erase_clusters!,1,0,0,2,130816,0,3,.5239000029112421,.6985333372149894
.9,1,.21671040852864584,512,4,16000,1,2,1,1000,.5597222253325236,sum_of_sum!,erase_clusters!,1,0,0,2,130816,0,3,.05597222253325235,.1119444450665047
.15733333333333335,2.3876666666666666,.21668879191080728,512,4,16000,1,2,4,1000,.5597222253325236,sum_of_sum!,erase_clusters!,1,0,0,2,130816,0,3,.47165926188020657,.9433185237604131
.07433333333333329,1,.22855356004503036,512,4,17000,1,1,1,1000,.5937595390086154,sum_of_sum!,erase_clusters!,1,0,0,2,130816,0,3,.5496234132756418,.7328312177008557
.07566666666666666,1.227,.2284997304280599,512,4,17000,1,1,4,1000,.5937595390086154,sum_of_sum!,erase_clusters!,1,0,0,2,130816,0,3,.5488317338902968,.7317756451870624
.9359999999999999,1,.22849358452690974,512,4,17000,1,2,1,1000,.5937595390086154,sum_of_sum!,erase_clusters!,1,0,0,2,130816,0,3,.03800061049655142,.07600122099310284
.22899999999999998,2.6466666666666665,.2284789615207248,512,4,17000,1,2,4,1000,.5937595390086154,sum_of_sum!,erase_clusters!,1,0,0,2,130816,0,3,.4577886045756425,.915577209151285
.11066666666666665,1,.24014049106174043,512,4,18000,1,1,1,1000,.6277428661839991,sum_of_sum!,erase_clusters!,1,0,0,2,130816,0,3,.5582726556596366,.7443635408795154
.10366666666666664,1.3110000000000002,.24037297566731772,512,4,18000,1,1,4,1000,.6277428661839991,sum_of_sum!,erase_clusters!,1,0,0,2,130816,0,3,.5626668557229245,.7502224742972327
.9666666666666667,1,.24012925889756945,512,4,18000,1,2,1,1000,.6277428661839991,sum_of_sum!,erase_clusters!,1,0,0,2,130816,0,3,.020924762206133297,.041849524412266595
.299,2.8633333333333333,.24005593193901908,512,4,18000,1,2,4,1000,.6277428661839991,sum_of_sum!,erase_clusters!,1,0,0,2,130816,0,3,.4400477491949834,.8800954983899668
.13466666666666668,1,.25153859456380206,512,4,19000,1,1,1,1000,.661675209291618,sum_of_sum!,erase_clusters!,1,0,0,2,130816,0,3,.5725696144403468,.7634261525871291
.13533333333333333,1.406,.25157822502983945,512,4,19000,1,1,4,1000,.661675209291618,sum_of_sum!,erase_clusters!,1,0,0,2,130816,0,3,.5721284976341524,.7628379968455365
.9816666666666666,1,.2516833411322699,512,4,19000,1,2,1,1000,.661675209291618,sum_of_sum!,erase_clusters!,1,0,0,2,130816,0,3,.01213071217034639,.02426142434069278
.4253333333333334,3.1620000000000004,.25160683525933164,512,4,19000,1,2,4,1000,.661675209291618,sum_of_sum!,erase_clusters!,1,0,0,2,130816,0,3,.3802426869395832,.7604853738791664
.17300000000000004,1,.2629549238416884,512,4,20000,1,1,1,1000,.6955592542546722,sum_of_sum!,erase_clusters!,1,0,0,2,130816,0,3,.5752275032686139,.7669700043581519
.17333333333333337,1.5200000000000002,.26302485995822483,512,4,20000,1,1,4,1000,.6955592542546722,sum_of_sum!,erase_clusters!,1,0,0,2,130816,0,3,.5749956501838623,.7666608669118165
.991,1,.2630002763536241,512,4,20000,1,2,1,1000,.6955592542546722,sum_of_sum!,erase_clusters!,1,0,0,2,130816,0,3,.006260033288292056,.012520066576584112
.5036666666666667,3.3506666666666667,.26303058200412327,512,4,20000,1,2,4,1000,.6955592542546722,sum_of_sum!,erase_clusters!,1,0,0,2,130816,0,3,.345229243195069,.690458486390138
.20766666666666664,1,.2742563883463542,512,4,21000,1,1,1,1000,.7293974180491781,sum_of_sum!,erase_clusters!,1,0,0,2,130816,0,3,.5779258875676322,.7705678500901763
.21166666666666664,1.635,.27409786648220485,512,4,21000,1,1,4,1000,.7293974180491781,sum_of_sum!,erase_clusters!,1,0,0,2,130816,0,3,.5750082978954354,.7666777305272472
.9963333333333333,1,.2741374969482422,512,4,21000,1,2,1,1000,.7293974180491781,sum_of_sum!,erase_clusters!,1,0,0,2,130816,0,3,.0026744571995136824,.005348914399027365
.632,3.5720000000000005,.2742347717285156,512,4,21000,1,2,4,1000,.7293974180491781,sum_of_sum!,erase_clusters!,1,0,0,2,130816,0,3,.26841824984209756,.5368364996841951
.27166666666666667,1,.2851829528808594,512,4,22000,1,1,1,1000,.7631918871879094,sum_of_sum!,erase_clusters!,1,0,0,2,130816,0,3,.5558580911685274,.7411441215580364
.26966666666666667,1.809,.28522788153754347,512,4,22000,1,1,4,1000,.7631918871879094,sum_of_sum!,erase_clusters!,1,0,0,2,130816,0,3,.5573844749429031,.7431792999238708
.9983333333333334,1,.2851861317952474,512,4,22000,1,2,1,1000,.7631918871879094,sum_of_sum!,erase_clusters!,1,0,0,2,130816,0,3,.0012719864786464603,.0025439729572929205
.7286666666666667,3.701,.28521453009711367,512,4,22000,1,2,4,1000,.7631918871879094,sum_of_sum!,erase_clusters!,1,0,0,2,130816,0,3,.20707939872365275,.4141587974473055
.314,1,.2960614098442926,512,4,23000,1,1,1,1000,.7969446491939047,sum_of_sum!,erase_clusters!,1,0,0,2,130816,0,3,.5467040293470186,.7289387057960247
.3083333333333333,1.925,.29585795932345915,512,4,23000,1,1,4,1000,.7969446491939047,sum_of_sum!,erase_clusters!,1,0,0,2,130816,0,3,.5512200490257841,.7349600653677122
1,1,.2961661020914714,512,4,23000,1,2,1,1000,.7969446491939047,sum_of_sum!,erase_clusters!,1,0,0,2,130816,0,3,0,0
.8153333333333332,3.825333333333333,.2960052490234375,512,4,23000,1,2,4,1000,.7969446491939047,sum_of_sum!,erase_clusters!,1,0,0,2,130816,0,3,.14716911188447448,.29433822376894897
.3826666666666667,1,.30650541517469615,512,4,24000,1,1,1,1000,.8306575185908088,sum_of_sum!,erase_clusters!,1,0,0,2,130816,0,3,.5127925748100592,.683723433080079
.37266666666666665,2.118,.3065327538384331,512,4,24000,1,1,4,1000,.8306575185908088,sum_of_sum!,erase_clusters!,1,0,0,2,130816,0,3,.5210991499959674,.6947988666612899
1,1,.30663765801323783,512,4,24000,1,2,1,1000,.8306575185908088,sum_of_sum!,erase_clusters!,1,0,0,2,130816,0,3,0,0
.8896666666666667,3.9126666666666665,.3066745334201389,512,4,24000,1,2,4,1000,.8306575185908088,sum_of_sum!,erase_clusters!,1,0,0,2,130816,0,3,.0916492128845192,.1832984257690384
.4326666666666667,1,.3170492384168837,512,4,25000,1,1,1,1000,.8643321585546123,sum_of_sum!,erase_clusters!,1,0,0,2,130816,0,3,.4903644446199833,.6538192594933111
.41900000000000004,2.257,.3172747294108073,512,4,25000,1,1,4,1000,.8643321585546123,sum_of_sum!,erase_clusters!,1,0,0,2,130816,0,3,.5021769841202297,.6695693121603062
1,1,.3170827229817708,512,4,25000,1,2,1,1000,.8643321585546123,sum_of_sum!,erase_clusters!,1,0,0,2,130816,0,3,0,0
.9256666666666667,3.939,.3170269860161676,512,4,25000,1,2,4,1000,.8643321585546123,sum_of_sum!,erase_clusters!,1,0,0,2,130816,0,3,.06424869045255945,.1284973809051189
.49333333333333335,1,.32747946845160597,512,4,26000,1,1,1,1000,.897970099096063,sum_of_sum!,erase_clusters!,1,0,0,2,130816,0,3,.4549715168753385,.606628689167118
.48866666666666664,2.4659999999999997,.32740868462456596,512,4,26000,1,1,4,1000,.897970099096063,sum_of_sum!,erase_clusters!,1,0,0,2,130816,0,3,.4591620440044536,.6122160586726048
1,1,.3274654812282986,512,4,26000,1,2,1,1000,.897970099096063,sum_of_sum!,erase_clusters!,1,0,0,2,130816,0,3,0,0
.9626666666666667,3.9736666666666665,.32729424370659727,512,4,26000,1,2,4,1000,.897970099096063,sum_of_sum!,erase_clusters!,1,0,0,2,130816,0,3,.03352421703291968,.06704843406583937
.5630000000000001,1,.337607913547092,512,4,27000,1,1,1,1000,.9315727524420249,sum_of_sum!,erase_clusters!,1,0,0,2,130816,0,3,.40709729281716484,.5427963904228864
.549,2.647,.33768293592664933,512,4,27000,1,1,4,1000,.9315727524420249,sum_of_sum!,erase_clusters!,1,0,0,2,130816,0,3,.4201393113513532,.5601857484684709
1,1,.3376539018419054,512,4,27000,1,2,1,1000,.9315727524420249,sum_of_sum!,erase_clusters!,1,0,0,2,130816,0,3,0,0
.9780000000000001,3.986,.33768145243326825,512,4,27000,1,2,4,1000,.9315727524420249,sum_of_sum!,erase_clusters!,1,0,0,2,130816,0,3,.02049460055372446,.04098920110744892
.596,1,.3475988176133898,512,4,28000,1,1,1,1000,.9651414261352934,sum_of_sum!,erase_clusters!,1,0,0,2,130816,0,3,.3899171361586586,.5198895148782114
.6256666666666667,2.8770000000000002,.347781499226888,512,4,28000,1,1,4,1000,.9651414261352934,sum_of_sum!,erase_clusters!,1,0,0,2,130816,0,3,.36128460718331146,.4817128095777486
1,1,.3476234012179904,512,4,28000,1,2,1,1000,.9651414261352934,sum_of_sum!,erase_clusters!,1,0,0,2,130816,0,3,0,0
.9863333333333334,3.9919999999999995,.34769333733452684,512,4,28000,1,2,4,1000,.9651414261352934,sum_of_sum!,erase_clusters!,1,0,0,2,130816,0,3,.013190266157182284,.026380532314364567
.6773333333333333,1,.3573318057590061,512,4,29000,1,1,1,1000,.998677334260854,sum_of_sum!,erase_clusters!,1,0,0,2,130816,0,3,.3222398865215022,.4296531820286696
.6756666666666667,3.0269999999999997,.35761070251464844,512,4,29000,1,1,4,1000,.998677334260854,sum_of_sum!,erase_clusters!,1,0,0,2,130816,0,3,.32390434874527024,.43187246499369364
1,1,.3576212988959419,512,4,29000,1,2,1,1000,.998677334260854,sum_of_sum!,erase_clusters!,1,0,0,2,130816,0,3,0,0
.9943333333333334,3.9966666666666666,.357479731241862,512,4,29000,1,2,4,1000,.998677334260854,sum_of_sum!,erase_clusters!,1,0,0,2,130816,0,3,.005659171560811437,.011318343121622875
.7343333333333333,1,.3673104180230035,512,4,30000,1,1,1,1000,1.0321816071220373,sum_of_sum!,erase_clusters!,1,0,0,2,130816,0,3,.27421624695875463,.36562166261167284
.733,3.199,.3674329121907552,512,4,30000,1,1,4,1000,1.0321816071220373,sum_of_sum!,erase_clusters!,1,0,0,2,130816,0,3,.27559248910158396,.36745665213544526
1,1,.36725913153754336,512,4,30000,1,2,1,1000,1.0321816071220373,sum_of_sum!,erase_clusters!,1,0,0,2,130816,0,3,0,0
.9976666666666666,3.999333333333334,.36713621351453996,512,4,30000,1,2,4,1000,1.0321816071220373,sum_of_sum!,erase_clusters!,1,0,0,2,130816,0,3,.002408423749951499,.004816847499902998
.7786666666666667,1,.37688552008734805,512,4,31000,1,1,1,1000,1.065655299625236,sum_of_sum!,erase_clusters!,1,0,0,2,130816,0,3,.2358650396503855,.3144867195338473
.789,3.3669999999999995,.37685097588433153,512,4,31000,1,1,4,1000,1.065655299625236,sum_of_sum!,erase_clusters!,1,0,0,2,130816,0,3,.22485326822092475,.29980435762789964
1,1,.377046161227756,512,4,31000,1,2,1,1000,1.065655299625236,sum_of_sum!,erase_clusters!,1,0,0,2,130816,0,3,0,0
.9993333333333334,3.999333333333334,.37719133165147567,512,4,31000,1,2,4,1000,1.065655299625236,sum_of_sum!,erase_clusters!,1,0,0,2,130816,0,3,.0007104368664167457,.0014208737328334914
.8196666666666667,1,.3863697052001953,512,4,32000,1,1,1,1000,1.099099398581714,sum_of_sum!,erase_clusters!,1,0,0,2,130816,0,3,.19820425821090243,.2642723442812032
.8243333333333333,3.4730000000000003,.38634618123372394,512,4,32000,1,1,4,1000,1.099099398581714,sum_of_sum!,erase_clusters!,1,0,0,2,130816,0,3,.19307512768418783,.2574335035789171
1,1,.3863629235161676,512,4,32000,1,2,1,1000,1.099099398581714,sum_of_sum!,erase_clusters!,1,0,0,2,130816,0,3,0,0
.9996666666666667,3.999333333333334,.3862442440456815,512,4,32000,1,2,4,1000,1.099099398581714,sum_of_sum!,erase_clusters!,1,0,0,2,130816,0,3,.0003663664661938643,.0007327329323877286
.864,1,.3956413269042969,512,4,33000,1,1,1,1000,1.1325148290958964,sum_of_sum!,erase_clusters!,1,0,0,2,130816,0,3,.1540220167570419,.20536268900938923
.8683333333333333,3.6050000000000004,.3956811692979601,512,4,33000,1,1,4,1000,1.1325148290958964,sum_of_sum!,erase_clusters!,1,0,0,2,130816,0,3,.14911445249762642,.19881926999683522
1,1,.3956705729166667,512,4,33000,1,2,1,1000,1.1325148290958964,sum_of_sum!,erase_clusters!,1,0,0,2,130816,0,3,0,0
.9996666666666667,3.999333333333334,.3957960340711806,512,4,33000,1,2,4,1000,1.1325148290958964,sum_of_sum!,erase_clusters!,1,0,0,2,130816,0,3,.0003775049430319239,.0007550098860638478
.9066666666666667,1,.4047126770019531,512,4,34000,1,1,1,1000,1.1659024601786891,sum_of_sum!,erase_clusters!,1,0,0,2,130816,0,3,.10881756295001091,.14509008393334788
.907,3.721,.40475718180338544,512,4,34000,1,1,4,1000,1.1659024601786891,sum_of_sum!,erase_clusters!,1,0,0,2,130816,0,3,.10842892879661806,.14457190506215742
1,1,.4047381083170573,512,4,34000,1,2,1,1000,1.1659024601786891,sum_of_sum!,erase_clusters!,1,0,0,2,130816,0,3,0,0
.9996666666666667,4,.40483665466308594,512,4,34000,1,2,4,1000,1.1659024601786891,sum_of_sum!,erase_clusters!,1,0,0,2,130816,0,3,.0003886341533928536,.0007772683067857072
.9236666666666666,1,.4136871761745877,512,4,35000,1,1,1,1000,1.1992631096998978,sum_of_sum!,erase_clusters!,1,0,0,2,130816,0,3,.09154375070709224,.12205833427612299
.9256666666666667,3.7769999999999997,.4138319227430556,512,4,35000,1,1,4,1000,1.1992631096998978,sum_of_sum!,erase_clusters!,1,0,0,2,130816,0,3,.0891452244876923,.11886029931692306
1,1,.41361745198567706,512,4,35000,1,2,1,1000,1.1992631096998978,sum_of_sum!,erase_clusters!,1,0,0,2,130816,0,3,0,0
1,4,.4138020409478081,512,4,35000,1,2,4,1000,1.1992631096998978,sum_of_sum!,erase_clusters!,1,0,0,2,130816,0,3,0,0
.9533333333333333,1,.4227610694037543,512,4,36000,1,1,1,1000,1.2325975487742482,sum_of_sum!,erase_clusters!,1,0,0,2,130816,0,3,.057521218942798345,.0766949585903978
.952,3.856,.4226631588406033,512,4,36000,1,1,4,1000,1.2325975487742482,sum_of_sum!,erase_clusters!,1,0,0,2,130816,0,3,.05916468234116397,.07888624312155196
1,1,.4227017296685112,512,4,36000,1,2,1,1000,1.2325975487742482,sum_of_sum!,erase_clusters!,1,0,0,2,130816,0,3,0,0
1,4,.42270766364203555,512,4,36000,1,2,4,1000,1.2325975487742482,sum_of_sum!,erase_clusters!,1,0,0,2,130816,0,3,0,0
.9726666666666667,1,.43130132887098527,512,4,37000,1,1,1,1000,1.265906505659739,sum_of_sum!,erase_clusters!,1,0,0,2,130816,0,3,.034601444488032845,.04613525931737713
.968,3.904,.4313373565673828,512,4,37000,1,1,4,1000,1.265906505659739,sum_of_sum!,erase_clusters!,1,0,0,2,130816,0,3,.04050900818111168,.05401201090814891
1,1,.4316001468234592,512,4,37000,1,2,1,1000,1.265906505659739,sum_of_sum!,erase_clusters!,1,0,0,2,130816,0,3,0,0
1,4,.4313148922390408,512,4,37000,1,2,4,1000,1.265906505659739,sum_of_sum!,erase_clusters!,1,0,0,2,130816,0,3,0,0
.9793333333333333,1,.44008127848307294,512,4,38000,1,1,1,1000,1.2991906692342778,sum_of_sum!,erase_clusters!,1,0,0,2,130816,0,3,.02684994049750848,.03579992066334464
.9833333333333333,3.9499999999999997,.4399407704671224,512,4,38000,1,1,4,1000,1.2991906692342778,sum_of_sum!,erase_clusters!,1,0,0,2,130816,0,3,.021653177820571363,.028870903760761818
1,1,.4398949940999349,512,4,38000,1,2,1,1000,1.2991906692342778,sum_of_sum!,erase_clusters!,1,0,0,2,130816,0,3,0,0
1,4,.44003507826063365,512,4,38000,1,2,4,1000,1.2991906692342778,sum_of_sum!,erase_clusters!,1,0,0,2,130816,0,3,0,0
.9856666666666666,1,.44840579562717015,512,4,39000,1,1,1,1000,1.3324506921061323,sum_of_sum!,erase_clusters!,1,0,0,2,130816,0,3,.01909845992018801,.025464613226917347
.983,3.949,.44844521416558164,512,4,39000,1,1,4,1000,1.3324506921061323,sum_of_sum!,erase_clusters!,1,0,0,2,130816,0,3,.02265166176580427,.030202215687739026
1,1,.4484182993570964,512,4,39000,1,2,1,1000,1.3324506921061323,sum_of_sum!,erase_clusters!,1,0,0,2,130816,0,3,0,0
1,4,.44840325249565977,512,4,39000,1,2,4,1000,1.3324506921061323,sum_of_sum!,erase_clusters!,1,0,0,2,130816,0,3,0,0
.9903333333333334,1,.4569210476345486,512,4,40000,1,1,1,1000,1.3656871934051777,sum_of_sum!,erase_clusters!,1,0,0,2,130816,0,3,.013201642869583296,.01760219049277773
.9916666666666667,3.975,.45700942145453555,512,4,40000,1,1,4,1000,1.3656871934051777,sum_of_sum!,erase_clusters!,1,0,0,2,130816,0,3,.011380726611709774,.015174302148946365
1,1,.4570719401041667,512,4,40000,1,2,1,1000,1.3656871934051777,sum_of_sum!,erase_clusters!,1,0,0,2,130816,0,3,0,0
1,4,.4567254384358724,512,4,40000,1,2,4,1000,1.3656871934051777,sum_of_sum!,erase_clusters!,1,0,0,2,130816,0,3,0,0
.9943333333333334,1,.46503596835666233,512,4,41000,1,1,1,1000,1.3989007612948627,sum_of_sum!,erase_clusters!,1,0,0,2,130816,0,3,.007927104314004126,.010569472418672168
.9940000000000001,3.9819999999999998,.46528074476453996,512,4,41000,1,1,4,1000,1.3989007612948627,sum_of_sum!,erase_clusters!,1,0,0,2,130816,0,3,.008393404567769028,.011191206090358704
1,1,.4653220706515842,512,4,41000,1,2,1,1000,1.3989007612948627,sum_of_sum!,erase_clusters!,1,0,0,2,130816,0,3,0,0
1,4,.4652701483832465,512,4,41000,1,2,4,1000,1.3989007612948627,sum_of_sum!,erase_clusters!,1,0,0,2,130816,0,3,0,0
.9983333333333334,1,.47326003180609805,512,4,42000,1,1,1,1000,1.4320919552389813,sum_of_sum!,erase_clusters!,1,0,0,2,130816,0,3,.0023868199253981983,.003182426567197598
.9980000000000001,3.9939999999999998,.47300169203016496,512,4,42000,1,1,4,1000,1.4320919552389813,sum_of_sum!,erase_clusters!,1,0,0,2,130816,0,3,.002864183910477806,.003818911880637075
1,1,.4732127719455295,512,4,42000,1,2,1,1000,1.4320919552389813,sum_of_sum!,erase_clusters!,1,0,0,2,130816,0,3,0,0
1,4,.4731453789605034,512,4,42000,1,2,4,1000,1.4320919552389813,sum_of_sum!,erase_clusters!,1,0,0,2,130816,0,3,0,0
.9983333333333334,1,.4810555775960286,512,4,43000,1,1,1,1000,1.4652613080524517,sum_of_sum!,erase_clusters!,1,0,0,2,130816,0,3,.0024421021800873134,.003256136240116418
.9976666666666668,3.993,.4810752868652344,512,4,43000,1,1,4,1000,1.4652613080524517,sum_of_sum!,erase_clusters!,1,0,0,2,130816,0,3,.0034189430521221736,.004558590736162898
1,1,.4812448289659288,512,4,43000,1,2,1,1000,1.4652613080524517,sum_of_sum!,erase_clusters!,1,0,0,2,130816,0,3,0,0
1,4,.481064690483941,512,4,43000,1,2,4,1000,1.4652613080524517,sum_of_sum!,erase_clusters!,1,0,0,2,130816,0,3,0,0
.9986666666666667,1,.48893483479817706,512,4,44000,1,1,1,1000,1.4984093277612356,sum_of_sum!,erase_clusters!,1,0,0,2,130816,0,3,.001997879103681594,.002663838804908792
.9996666666666667,3.999,.48901897006564665,512,4,44000,1,1,4,1000,1.4984093277612356,sum_of_sum!,erase_clusters!,1,0,0,2,130816,0,3,.0004994697759203568,.0006659597012271425
1,1,.4888324737548828,512,4,44000,1,2,1,1000,1.4984093277612356,sum_of_sum!,erase_clusters!,1,0,0,2,130816,0,3,0,0
1,4,.4888396792941623,512,4,44000,1,2,4,1000,1.4984093277612356,sum_of_sum!,erase_clusters!,1,0,0,2,130816,0,3,0,0
.9993333333333334,1,.4967163933648004,512,4,45000,1,1,1,1000,1.5315364992931,sum_of_sum!,erase_clusters!,1,0,0,2,130816,0,3,.0010210243328619543,.0013613657771492725
1,4,.4968636830647786,512,4,45000,1,1,4,1000,1.5315364992931,sum_of_sum!,erase_clusters!,1,0,0,2,130816,0,3,0,0
1,1,.4968605041503906,512,4,45000,1,2,1,1000,1.5315364992931,sum_of_sum!,erase_clusters!,1,0,0,2,130816,0,3,0,0
1,4,.4969838460286458,512,4,45000,1,2,4,1000,1.5315364992931,sum_of_sum!,erase_clusters!,1,0,0,2,130816,0,3,0,0
.9996666666666667,1,.5042633480495877,512,4,46000,1,1,1,1000,1.5646432860180177,sum_of_sum!,erase_clusters!,1,0,0,2,130816,0,3,.0005215477620059485,.0006953970160079314
.999,3.997,.5044144524468316,512,4,46000,1,1,4,1000,1.5646432860180177,sum_of_sum!,erase_clusters!,1,0,0,2,130816,0,3,.001564643286018019,.0020861910480240256
1,1,.5043629540337456,512,4,46000,1,2,1,1000,1.5646432860180177,sum_of_sum!,erase_clusters!,1,0,0,2,130816,0,3,0,0
1,4,.5043729146321615,512,4,46000,1,2,4,1000,1.5646432860180177,sum_of_sum!,erase_clusters!,1,0,0,2,130816,0,3,0,0
1,1,.5118844774034289,512,4,47000,1,1,1,1000,1.5977301311545726,sum_of_sum!,erase_clusters!,1,0,0,2,130816,0,3,0,0
1,4,.5117200215657552,512,4,47000,1,1,4,1000,1.5977301311545726,sum_of_sum!,erase_clusters!,1,0,0,2,130816,0,3,0,0
1,1,.5121127234564887,512,4,47000,1,2,1,1000,1.5977301311545726,sum_of_sum!,erase_clusters!,1,0,0,2,130816,0,3,0,0
1,4,.5118291642930773,512,4,47000,1,2,4,1000,1.5977301311545726,sum_of_sum!,erase_clusters!,1,0,0,2,130816,0,3,0,0
1,1,.5194017622205945,512,4,48000,1,1,1,1000,1.6307974590566177,sum_of_sum!,erase_clusters!,1,0,0,2,130816,0,3,0,0
1,4,.5192315843370227,512,4,48000,1,1,4,1000,1.6307974590566177,sum_of_sum!,erase_clusters!,1,0,0,2,130816,0,3,0,0
1,1,.5190224117702908,512,4,48000,1,2,1,1000,1.6307974590566177,sum_of_sum!,erase_clusters!,1,0,0,2,130816,0,3,0,0
1,4,.5193564097086588,512,4,48000,1,2,4,1000,1.6307974590566177,sum_of_sum!,erase_clusters!,1,0,0,2,130816,0,3,0,0
1,1,.5265301598442925,512,4,49000,1,1,1,1000,1.6638456763926737,sum_of_sum!,erase_clusters!,1,0,0,2,130816,0,3,0,0
1,4,.5264545016818576,512,4,49000,1,1,4,1000,1.6638456763926737,sum_of_sum!,erase_clusters!,1,0,0,2,130816,0,3,0,0
1,1,.5266119639078776,512,4,49000,1,2,1,1000,1.6638456763926737,sum_of_sum!,erase_clusters!,1,0,0,2,130816,0,3,0,0
1,4,.5265833536783854,512,4,49000,1,2,4,1000,1.6638456763926737,sum_of_sum!,erase_clusters!,1,0,0,2,130816,0,3,0,0
1,1,.533941904703776,512,4,50000,1,1,1,1000,1.6968751732290164,sum_of_sum!,erase_clusters!,1,0,0,2,130816,0,3,0,0
1,4,.5336197747124567,512,4,50000,1,1,4,1000,1.6968751732290164,sum_of_sum!,erase_clusters!,1,0,0,2,130816,0,3,0,0
1,1,.5339173210991753,512,4,50000,1,2,1,1000,1.6968751732290164,sum_of_sum!,erase_clusters!,1,0,0,2,130816,0,3,0,0
1,4,.533882353040907,512,4,50000,1,2,4,1000,1.6968751732290164,sum_of_sum!,erase_clusters!,1,0,0,2,130816,0,3,0,0
0,1,.003807703653971354,512,4,1000,1,1,1,1000,.017187891461269325,sum_of_sum!,erase_clusters!,1,0,0,1,512,0,3,.017187891461269325,.022917188615025768
0,1,.003807915581597222,512,4,1000,1,1,4,1000,.017187891461269325,sum_of_sum!,erase_clusters!,1,0,0,1,512,0,3,.017187891461269325,.022917188615025768
.01633333333333335,1,.003809399074978299,512,4,1000,1,2,1,1000,.017187891461269325,sum_of_sum!,erase_clusters!,1,0,0,1,512,0,3,.01690715590073526,.03381431180147052
.005666666666666671,1.0316666666666665,.003804736667209201,512,4,1000,1,2,4,1000,.017187891461269325,sum_of_sum!,erase_clusters!,1,0,0,1,512,0,3,.017090493409655464,.03418098681931093
.00033333333333333365,1,.011377546522352433,512,4,3000,1,1,1,1000,.04854059832499839,sum_of_sum!,erase_clusters!,1,0,0,1,512,0,3,.048524418125556724,.06469922416740896
.0010000000000000009,1.003,.01137542724609375,512,4,3000,1,1,4,1000,.04854059832499839,sum_of_sum!,erase_clusters!,1,0,0,1,512,0,3,.048492057726673386,.06465607696889784
.14100000000000001,1,.011373943752712674,512,4,3000,1,2,1,1000,.04854059832499839,sum_of_sum!,erase_clusters!,1,0,0,1,512,0,3,.041696373961173615,.08339274792234723
.015333333333333346,1.1626666666666665,.011378606160481771,512,4,3000,1,2,4,1000,.04854059832499839,sum_of_sum!,erase_clusters!,1,0,0,1,512,0,3,.04779630915068175,.0955926183013635
.0040000000000000036,1,.018896950615776908,512,4,5000,1,1,1,1000,.07855824667755938,sum_of_sum!,erase_clusters!,1,0,0,1,512,0,3,.07824401369084914,.10432535158779886
.0030000000000000027,1.0090000000000001,.01889334784613715,512,4,5000,1,1,4,1000,.07855824667755938,sum_of_sum!,erase_clusters!,1,0,0,1,512,0,3,.0783225719375267,.10443009591670227
.297,1,.01890246073404948,512,4,5000,1,2,1,1000,.07855824667755938,sum_of_sum!,erase_clusters!,1,0,0,1,512,0,3,.05522644741432425,.1104528948286485
.03300000000000003,1.3736666666666668,.018893771701388888,512,4,5000,1,2,4,1000,.07855824667755938,sum_of_sum!,erase_clusters!,1,0,0,1,512,0,3,.07596582453719992,.15193164907439985
.014333333333333345,1,.026367611355251733,512,4,7000,1,1,1,1000,.10782116289327125,sum_of_sum!,erase_clusters!,1,0,0,1,512,0,3,.10627572622513436,.14170096830017914
.010666666666666677,1.032,.02635214063856337,512,4,7000,1,1,4,1000,.10782116289327125,sum_of_sum!,erase_clusters!,1,0,0,1,512,0,3,.10667107048907634,.14222809398543512
.52,1,.026340484619140625,512,4,7000,1,2,1,1000,.10782116289327125,sum_of_sum!,erase_clusters!,1,0,0,1,512,0,3,.051754158188770195,.10350831637754039
.07433333333333329,1.6580000000000001,.026346842447916668,512,4,7000,1,2,4,1000,.10782116289327125,sum_of_sum!,erase_clusters!,1,0,0,1,512,0,3,.09980645645153809,.19961291290307617
.017000000000000015,1,.03373230828179253,512,4,9000,1,1,1,1000,.13655256679856645,sum_of_sum!,erase_clusters!,1,0,0,1,512,0,3,.13423117316299082,.17897489755065443
.021666666666666685,1.0649999999999997,.033742692735460066,512,4,9000,1,1,4,1000,.13655256679856645,sum_of_sum!,erase_clusters!,1,0,0,1,512,0,3,.13359392785126417,.1781252371350189
.6916666666666668,1,.03374057345920139,512,4,9000,1,2,1,1000,.13655256679856645,sum_of_sum!,erase_clusters!,1,0,0,1,512,0,3,.04210370809622464,.08420741619244929
.11766666666666666,1.9273333333333333,.03374947441948784,512,4,9000,1,2,4,1000,.13655256679856645,sum_of_sum!,erase_clusters!,1,0,0,1,512,0,3,.1204848814386018,.2409697628772036
.041000000000000036,1,.0411218007405599,512,4,11000,1,1,1,1000,.1648728847908699,sum_of_sum!,erase_clusters!,1,0,0,1,512,0,3,.15811309651444422,.21081746201925897
.04266666666666671,1.1280000000000001,.04108577304416233,512,4,11000,1,1,4,1000,.1648728847908699,sum_of_sum!,erase_clusters!,1,0,0,1,512,0,3,.1578383083731261,.2104510778308348
.8153333333333332,1,.04108789232042101,512,4,11000,1,2,1,1000,.1648728847908699,sum_of_sum!,erase_clusters!,1,0,0,1,512,0,3,.030446526058047322,.060893052116094644
.17333333333333337,2.1503333333333328,.04109870062934028,512,4,11000,1,2,4,1000,.1648728847908699,sum_of_sum!,erase_clusters!,1,0,0,1,512,0,3,.13629491809378577,.27258983618757154
.06000000000000002,1,.04836167229546442,512,4,13000,1,1,1,1000,.19285779823529478,sum_of_sum!,erase_clusters!,1,0,0,1,512,0,3,.18128633034117708,.24171510712156943
.05933333333333335,1.178,.04838752746582031,512,4,13000,1,1,4,1000,.19285779823529478,sum_of_sum!,erase_clusters!,1,0,0,1,512,0,3,.18141490220666728,.24188653627555637
.899,1,.04838519626193577,512,4,13000,1,2,1,1000,.19285779823529478,sum_of_sum!,erase_clusters!,1,0,0,1,512,0,3,.019478637621764768,.038957275243529536
.2853333333333334,2.488,.04839134216308594,512,4,13000,1,2,4,1000,.19285779823529478,sum_of_sum!,erase_clusters!,1,0,0,1,512,0,3,.13782903980549066,.2756580796109813
.09533333333333331,1,.05565304226345486,512,4,15000,1,1,1,1000,.22055935973863025,sum_of_sum!,erase_clusters!,1,0,0,1,512,0,3,.19953270077688084,.2660436010358411
.08899999999999997,1.2670000000000001,.05560281541612413,512,4,15000,1,1,4,1000,.22055935973863025,sum_of_sum!,erase_clusters!,1,0,0,1,512,0,3,.20092957672189216,.2679061022958562
.9473333333333334,1,.05562273661295573,512,4,15000,1,2,1,1000,.22055935973863025,sum_of_sum!,erase_clusters!,1,0,0,1,512,0,3,.011616126279567854,.02323225255913571
.36800000000000005,2.7293333333333334,.05559221903483073,512,4,15000,1,2,4,1000,.22055935973863025,sum_of_sum!,erase_clusters!,1,0,0,1,512,0,3,.13939351535481428,.27878703070962857
.134,1,.06280220879448785,512,4,17000,1,1,1,1000,.24801559375730434,sum_of_sum!,erase_clusters!,1,0,0,1,512,0,3,.21478150419382555,.28637533892510075
.12766666666666668,1.383,.06278906928168403,512,4,17000,1,1,4,1000,.24801559375730434,sum_of_sum!,erase_clusters!,1,0,0,1,512,0,3,.21635226962095513,.28846969282794016
.9790000000000001,1,.06279097663031685,512,4,17000,1,2,1,1000,.24801559375730434,sum_of_sum!,erase_clusters!,1,0,0,1,512,0,3,.005208327468903368,.010416654937806736
.4836666666666667,3.0113333333333334,.0627712673611111,512,4,17000,1,2,4,1000,.24801559375730434,sum_of_sum!,erase_clusters!,1,0,0,1,512,0,3,.1280587182433548,.2561174364867096
.18133333333333335,1,.06988970438639323,512,4,19000,1,1,1,1000,.2752555057754467,sum_of_sum!,erase_clusters!,1,0,0,1,512,0,3,.2253425073948324,.3004566765264432
.17166666666666672,1.515,.06991301642523871,512,4,19000,1,1,4,1000,.2752555057754467,sum_of_sum!,erase_clusters!,1,0,0,1,512,0,3,.22800331061732834,.3040044141564378
.9899999999999999,1,.0698712666829427,512,4,19000,1,2,1,1000,.2752555057754467,sum_of_sum!,erase_clusters!,1,0,0,1,512,0,3,.0027525550577545002,.0055051101155090005
.5953333333333334,3.2880000000000003,.06990877787272136,512,4,19000,1,2,4,1000,.2752555057754467,sum_of_sum!,erase_clusters!,1,0,0,1,512,0,3,.11138672800379743,.22277345600759485
.22166666666666665,1,.0769606696234809,512,4,21000,1,1,1,1000,.30230195626814665,sum_of_sum!,erase_clusters!,1,0,0,1,512,0,3,.23529168929537414,.31372225239383217
.21599999999999997,1.648,.07699606153700088,512,4,21000,1,1,4,1000,.30230195626814665,sum_of_sum!,erase_clusters!,1,0,0,1,512,0,3,.23700473371422698,.3160063116189693
.9963333333333333,1,.07698970370822483,512,4,21000,1,2,1,1000,.30230195626814665,sum_of_sum!,erase_clusters!,1,0,0,1,512,0,3,.00110844050631655,.0022168810126331
.6826666666666666,3.484,.07695579528808594,512,4,21000,1,2,4,1000,.30230195626814665,sum_of_sum!,erase_clusters!,1,0,0,1,512,0,3,.09593048745575855,.1918609749115171
.2743333333333334,1,.08399221632215713,512,4,23000,1,1,1,1000,.32917342914801323,sum_of_sum!,erase_clusters!,1,0,0,1,512,0,3,.23887018508507493,.31849358011343326
.2826666666666667,1.848,.08401468065049912,512,4,23000,1,1,4,1000,.32917342914801323,sum_of_sum!,erase_clusters!,1,0,0,1,512,0,3,.23612707317550818,.31483609756734426
.9986666666666667,1,.08398734198676215,512,4,23000,1,2,1,1000,.32917342914801323,sum_of_sum!,erase_clusters!,1,0,0,1,512,0,3,.0004388979055306725,.000877795811061345
.783,3.6966666666666668,.08401298522949219,512,4,23000,1,2,4,1000,.32917342914801323,sum_of_sum!,erase_clusters!,1,0,0,1,512,0,3,.07143063412511887,.14286126825023773
.3343333333333333,1,.09095043606228298,512,4,25000,1,1,1,1000,.3558851802438607,sum_of_sum!,erase_clusters!,1,0,0,1,512,0,3,.23690090164899658,.31586786886532875
.3396666666666666,2.019,.09095488654242621,512,4,25000,1,1,4,1000,.3558851802438607,sum_of_sum!,erase_clusters!,1,0,0,1,512,0,3,.2350028473543627,.3133371298058169
.9993333333333334,1,.0909769270155165,512,4,25000,1,2,1,1000,.3558851802438607,sum_of_sum!,erase_clusters!,1,0,0,1,512,0,3,.0002372567868292143,.0004745135736584286
.8536666666666667,3.8196666666666665,.09097947014702691,512,4,25000,1,2,4,1000,.3558851802438607,sum_of_sum!,erase_clusters!,1,0,0,1,512,0,3,.05207786470901827,.10415572941803654
.401,1,.09791098700629342,512,4,27000,1,1,1,1000,.3824500158664131,sum_of_sum!,erase_clusters!,1,0,0,1,512,0,3,.22908755950398144,.30545007933864193
.39333333333333337,2.18,.09786372714572483,512,4,27000,1,1,4,1000,.3824500158664131,sum_of_sum!,erase_clusters!,1,0,0,1,512,0,3,.23201967629229062,.30935956838972084
1,1,.09786097208658855,512,4,27000,1,2,1,1000,.3824500158664131,sum_of_sum!,erase_clusters!,1,0,0,1,512,0,3,0,0
.9,3.8830000000000005,.09787284003363717,512,4,27000,1,2,4,1000,.3824500158664131,sum_of_sum!,erase_clusters!,1,0,0,1,512,0,3,.0382450015866413,.0764900031732826
.46399999999999997,1,.10473442077636719,512,4,29000,1,1,1,1000,.4088788394203821,sum_of_sum!,erase_clusters!,1,0,0,1,512,0,3,.21915905792932483,.29221207723909975
.4583333333333333,2.375,.1047562493218316,512,4,29000,1,1,4,1000,.4088788394203821,sum_of_sum!,erase_clusters!,1,0,0,1,512,0,3,.22147603801937368,.29530138402583156
1,1,.10474077860514323,512,4,29000,1,2,1,1000,.4088788394203821,sum_of_sum!,erase_clusters!,1,0,0,1,512,0,3,0,0
.9286666666666666,3.9250000000000003,.10471661885579427,512,4,29000,1,2,4,1000,.4088788394203821,sum_of_sum!,erase_clusters!,1,0,0,1,512,0,3,.0291666905453206,.0583333810906412
.531,1,.11146608988444011,512,4,31000,1,1,1,1000,.43518104651990397,sum_of_sum!,erase_clusters!,1,0,0,1,512,0,3,.20409991081783496,.27213321442377997
.5166666666666667,2.5500000000000003,.11157692803276908,512,4,31000,1,1,4,1000,.43518104651990397,sum_of_sum!,erase_clusters!,1,0,0,1,512,0,3,.21033750581795357,.2804500077572714
1,1,.11147054036458333,512,4,31000,1,2,1,1000,.43518104651990397,sum_of_sum!,erase_clusters!,1,0,0,1,512,0,3,0,0
.9496666666666665,3.9469999999999996,.11153051588270398,512,4,31000,1,2,4,1000,.43518104651990397,sum_of_sum!,erase_clusters!,1,0,0,1,512,0,3,.02190411267483522,.04380822534967044
.5836666666666667,1,.11829376220703125,512,4,33000,1,1,1,1000,.4613648177257042,sum_of_sum!,erase_clusters!,1,0,0,1,512,0,3,.19208155244646818,.25610873659529093
.5896666666666667,2.769,.11833254496256511,512,4,33000,1,1,4,1000,.4613648177257042,sum_of_sum!,erase_clusters!,1,0,0,1,512,0,3,.18931336354011397,.2524178180534853
1,1,.11823230319552952,512,4,33000,1,2,1,1000,.4613648177257042,sum_of_sum!,erase_clusters!,1,0,0,1,512,0,3,0,0
.9666666666666667,3.968,.11836793687608506,512,4,33000,1,2,4,1000,.4613648177257042,sum_of_sum!,erase_clusters!,1,0,0,1,512,0,3,.01537882725752347,.03075765451504694
.6563333333333333,1,.12500953674316406,512,4,35000,1,1,1,1000,.4874373400648455,sum_of_sum!,erase_clusters!,1,0,0,1,512,0,3,.1675159658689519,.22335462115860252
.644,2.932,.12495274013943143,512,4,35000,1,1,4,1000,.4874373400648455,sum_of_sum!,erase_clusters!,1,0,0,1,512,0,3,.173527693063085,.23137025741744666
1,1,.12507078382703993,512,4,35000,1,2,1,1000,.4874373400648455,sum_of_sum!,erase_clusters!,1,0,0,1,512,0,3,0,0
.977,3.9790000000000005,.12499491373697917,512,4,35000,1,2,4,1000,.4874373400648455,sum_of_sum!,erase_clusters!,1,0,0,1,512,0,3,.011211058821491458,.022422117642982915
.6963333333333334,1,.13158713446723092,512,4,37000,1,1,1,1000,.5134049777598264,sum_of_sum!,erase_clusters!,1,0,0,1,512,0,3,.1559039782464006,.2078719709952008
.6983333333333334,3.095,.13159815470377603,512,4,37000,1,1,4,1000,.5134049777598264,sum_of_sum!,erase_clusters!,1,0,0,1,512,0,3,.15487716829088094,.20650289105450792
1,1,.13161320156521267,512,4,37000,1,2,1,1000,.5134049777598264,sum_of_sum!,erase_clusters!,1,0,0,1,512,0,3,0,0
.9796666666666667,3.981333333333333,.13163100348578557,512,4,37000,1,2,4,1000,.5134049777598264,sum_of_sum!,erase_clusters!,1,0,0,1,512,0,3,.010439234547783127,.020878469095566253
.7433333333333333,1,.13822958204481336,512,4,39000,1,1,1,1000,.5392734059413598,sum_of_sum!,erase_clusters!,1,0,0,1,512,0,3,.13841350752494902,.1845513433665987
.7493333333333334,3.2479999999999998,.13825649685329858,512,4,39000,1,1,4,1000,.5392734059413598,sum_of_sum!,erase_clusters!,1,0,0,1,512,0,3,.1351778670893008,.18023715611906774
1,1,.13821029663085938,512,4,39000,1,2,1,1000,.5392734059413598,sum_of_sum!,erase_clusters!,1,0,0,1,512,0,3,0,0
.988,3.988,.1382592519124349,512,4,39000,1,2,4,1000,.5392734059413598,sum_of_sum!,erase_clusters!,1,0,0,1,512,0,3,.006471280871296323,.012942561742592645
.8053333333333333,1,.1448279486762153,512,4,41000,1,1,1,1000,.5650477168652299,sum_of_sum!,erase_clusters!,1,0,0,1,512,0,3,.10999595554976475,.14666127406635301
.7986666666666666,3.3959999999999995,.1447467803955078,512,4,41000,1,1,4,1000,.5650477168652299,sum_of_sum!,erase_clusters!,1,0,0,1,512,0,3,.1137629403288663,.1516839204384884
1,1,.14474169413248697,512,4,41000,1,2,1,1000,.5650477168652299,sum_of_sum!,erase_clusters!,1,0,0,1,512,0,3,0,0
.989,3.9909999999999997,.14483070373535156,512,4,41000,1,2,4,1000,.5650477168652299,sum_of_sum!,erase_clusters!,1,0,0,1,512,0,3,.006215524885517534,.012431049771035069
.8293333333333334,1,.15121799045138892,512,4,43000,1,1,1,1000,.5907325053579585,sum_of_sum!,erase_clusters!,1,0,0,1,512,0,3,.10081834758109157,.13442446344145542
.843,3.529,.15133031209309897,512,4,43000,1,1,4,1000,.5907325053579585,sum_of_sum!,erase_clusters!,1,0,0,1,512,0,3,.0927450033411995,.12366000445493268
1,1,.15134006076388887,512,4,43000,1,2,1,1000,.5907325053579585,sum_of_sum!,erase_clusters!,1,0,0,1,512,0,3,0,0
.9940000000000001,3.9939999999999998,.15125634935167098,512,4,43000,1,2,4,1000,.5907325053579585,sum_of_sum!,erase_clusters!,1,0,0,1,512,0,3,.0035443950321476887,.007088790064295377
.8693333333333334,1,.1577216254340278,512,4,45000,1,1,1,1000,.616331938333747,sum_of_sum!,erase_clusters!,1,0,0,1,512,0,3,.08053403994227623,.10737871992303498
.8706666666666667,3.612,.15769577026367188,512,4,45000,1,1,4,1000,.616331938333747,sum_of_sum!,erase_clusters!,1,0,0,1,512,0,3,.07971226402449792,.10628301869933056
1,1,.1577142079671224,512,4,45000,1,2,1,1000,.616331938333747,sum_of_sum!,erase_clusters!,1,0,0,1,512,0,3,0,0
.9926666666666666,3.9936666666666665,.15776210361056855,512,4,45000,1,2,4,1000,.616331938333747,sum_of_sum!,erase_clusters!,1,0,0,1,512,0,3,.004519767547780861,.009039535095561721
.8996666666666666,1,.1641387939453125,512,4,47000,1,1,1,1000,.6418498119303595,sum_of_sum!,erase_clusters!,1,0,0,1,512,0,3,.0643989311303461,.08586524150712814
.9010000000000001,3.703,.16414409213595924,512,4,47000,1,1,4,1000,.6418498119303595,sum_of_sum!,erase_clusters!,1,0,0,1,512,0,3,.06354313138110551,.08472417517480735
1,1,.16407500372992623,512,4,47000,1,2,1,1000,.6418498119303595,sum_of_sum!,erase_clusters!,1,0,0,1,512,0,3,0,0
.9943333333333332,3.9923333333333333,.16408623589409724,512,4,47000,1,2,4,1000,.6418498119303595,sum_of_sum!,erase_clusters!,1,0,0,1,512,0,3,.0036371489342721356,.007274297868544271
.9246666666666666,1,.17046589321560332,512,4,49000,1,1,1,1000,.6672895989036004,sum_of_sum!,erase_clusters!,1,0,0,1,512,0,3,.05026914978407125,.06702553304542834
.9286666666666666,3.786,.17052904764811197,512,4,49000,1,1,4,1000,.6672895989036004,sum_of_sum!,erase_clusters!,1,0,0,1,512,0,3,.047599991388456844,.06346665518460913
1,1,.17054282294379342,512,4,49000,1,2,1,1000,.6672895989036004,sum_of_sum!,erase_clusters!,1,0,0,1,512,0,3,0,0
.9976666666666666,3.9973333333333336,.1703770955403646,512,4,49000,1,2,4,1000,.6672895989036004,sum_of_sum!,erase_clusters!,1,0,0,1,512,0,3,.0015570090641084517,.0031140181282169033
0,1,.015138414171006942,512,4,1000,1,1,1,1000,.03752577059369939,sum_of_sum!,corrupt_clusters!,1,0,0,2,130816,0,3,.03752577059369939,.19884165778955123
.00033333333333333365,1,.03005663553873698,512,4,2000,1,1,1,1000,.07377997543219045,sum_of_sum!,corrupt_clusters!,1,0,0,2,130816,0,3,.0737553821070464,.3908152242323115
.0020000000000000018,1,.04471884833441841,512,4,3000,1,1,1,1000,.1095542357222886,sum_of_sum!,corrupt_clusters!,1,0,0,2,130816,0,3,.10933512725084403,.5793452769452146
.01100000000000001,1,.0592293209499783,512,4,4000,1,1,1,1000,.14501681935396424,sum_of_sum!,corrupt_clusters!,1,0,0,2,130816,0,3,.14342163434107064,.7599629556988644
.020333333333333353,1,.07343843248155381,512,4,5000,1,1,1,1000,.18024764233970972,sum_of_sum!,corrupt_clusters!,1,0,0,2,130816,0,3,.17658260694546896,.9356764097399536
.05133333333333338,1,.08749304877387153,512,4,6000,1,1,1,1000,.2152937741789522,sum_of_sum!,corrupt_clusters!,1,0,0,2,130816,0,3,.20424202710443265,1.0822382223527904
.10999999999999999,1,.10124524434407552,512,4,7000,1,1,1,1000,.2501863168202817,sum_of_sum!,corrupt_clusters!,1,0,0,2,130816,0,3,.22266582197005072,1.1798622779256616
.18200000000000002,1,.11492262946234809,512,4,8000,1,1,1,1000,.2849473756870951,sum_of_sum!,corrupt_clusters!,1,0,0,2,130816,0,3,.2330869533120438,1.2350817977196793
.2863333333333334,1,.12835820515950522,512,4,9000,1,1,1,1000,.31959347899043705,sum_of_sum!,corrupt_clusters!,1,0,0,2,130816,0,3,.22808321283950858,1.2085679637606073
.4043333333333334,1,.14154942830403647,512,4,10000,1,1,1,1000,.3541374559033778,sum_of_sum!,corrupt_clusters!,1,0,0,2,130816,0,3,.21094787789977867,1.117771203233398
.519,1,.15455839369032118,512,4,11000,1,1,1,1000,.3885895552476006,sum_of_sum!,corrupt_clusters!,1,0,0,2,130816,0,3,.18691157607409586,.9904075801409716
.6606666666666666,1,.16730753580729166,512,4,12000,1,1,1,1000,.4229581538266544,sum_of_sum!,corrupt_clusters!,1,0,0,2,130816,0,3,.1435238001985114,.7605043124289624
.7436666666666666,1,.17992676628960502,512,4,13000,1,1,1,1000,.45725022695688566,sum_of_sum!,corrupt_clusters!,1,0,0,2,130816,0,3,.11720847484328173,.6210645931075467
.8410000000000001,1,.1923285590277778,512,4,14000,1,1,1,1000,.4914716733541051,sum_of_sum!,corrupt_clusters!,1,0,0,2,130816,0,3,.07814399606330266,.4140696240928403
.906,1,.20461697048611113,512,4,15000,1,1,1,1000,.5256275467250812,sum_of_sum!,corrupt_clusters!,1,0,0,2,130816,0,3,.04940898939215761,.26180849067207496
.9453333333333332,1,.21671358744303384,512,4,16000,1,1,1,1000,.5597222253325236,sum_of_sum!,corrupt_clusters!,1,0,0,2,130816,0,3,.030598148318178003,.1621335535718119
.9726666666666667,1,.22859213087293836,512,4,17000,1,1,1,1000,.5937595390086154,sum_of_sum!,corrupt_clusters!,1,0,0,2,130816,0,3,.016229427399568813,.08599653512904167
.983,1,.24017333984375,512,4,18000,1,1,1,1000,.6277428661839991,sum_of_sum!,corrupt_clusters!,1,0,0,2,130816,0,3,.010671628725127995,.05654685602579805
.9866666666666667,1,.25171301099989146,512,4,19000,1,1,1,1000,.661675209291618,sum_of_sum!,corrupt_clusters!,1,0,0,2,130816,0,3,.008822336123888224,.046747819237191575
.9900000000000001,1,.26305728488498265,512,4,20000,1,1,1,1000,.6955592542546722,sum_of_sum!,corrupt_clusters!,1,0,0,2,130816,0,3,.006955592542546652,.03685631314659354
.9913333333333334,1,.2741803063286676,512,4,21000,1,1,1,1000,.7293974180491781,sum_of_sum!,corrupt_clusters!,1,0,0,2,130816,0,3,.006321444289759496,.03349608661763541
.9953333333333333,1,.2851378122965495,512,4,22000,1,1,1,1000,.7631918871879094,sum_of_sum!,corrupt_clusters!,1,0,0,2,130816,0,3,.0035615621402102756,.018872015393038153
.9956666666666667,1,.2959427303738064,512,4,23000,1,1,1,1000,.7969446491939047,sum_of_sum!,corrupt_clusters!,1,0,0,2,130816,0,3,.003453426813173561,.018299027620810877
.9973333333333333,1,.3068449232313368,512,4,24000,1,1,1,1000,.8306575185908088,sum_of_sum!,corrupt_clusters!,1,0,0,2,130816,0,3,.0022150867162421895,.01173730766448704
.9983333333333334,1,.31706640455457896,512,4,25000,1,1,1,1000,.8643321585546123,sum_of_sum!,corrupt_clusters!,1,0,0,2,130816,0,3,.0014405535975909579,.007633209417098073
.9993333333333334,1,.32756953769259983,512,4,26000,1,1,1,1000,.897970099096063,sum_of_sum!,corrupt_clusters!,1,0,0,2,130816,0,3,.0005986467327306427,.003172110975555706
.9993333333333334,1,.3377242618136935,512,4,27000,1,1,1,1000,.9315727524420249,sum_of_sum!,corrupt_clusters!,1,0,0,2,130816,0,3,.0006210485016279482,.003290813531012529
.9986666666666667,1,.3476825290256076,512,4,28000,1,1,1,1000,.9651414261352934,sum_of_sum!,corrupt_clusters!,1,0,0,2,130816,0,3,.0012868552348470233,.006818792104301435
1,1,.3576119740804036,512,4,29000,1,1,1,1000,.998677334260854,sum_of_sum!,corrupt_clusters!,1,0,0,2,130816,0,3,0,0
.9996666666666667,1,.3674914042154948,512,4,30000,1,1,1,1000,1.0321816071220373,sum_of_sum!,corrupt_clusters!,1,0,0,2,130816,0,3,.00034406053570730787,.0018231089253497937
1,1,.3769501580132379,512,4,31000,1,1,1,1000,1.065655299625236,sum_of_sum!,corrupt_clusters!,1,0,0,2,130816,0,3,0,0
1,1,.38625547620985246,512,4,32000,1,1,1,1000,1.099099398581714,sum_of_sum!,corrupt_clusters!,1,0,0,2,130816,0,3,0,0
1,1,.3955995771620009,512,4,33000,1,1,1,1000,1.1325148290958964,sum_of_sum!,corrupt_clusters!,1,0,0,2,130816,0,3,0,0
1,1,.4047953287760417,512,4,34000,1,1,1,1000,1.1659024601786891,sum_of_sum!,corrupt_clusters!,1,0,0,2,130816,0,3,0,0
1,1,.4138783348931206,512,4,35000,1,1,1,1000,1.1992631096998978,sum_of_sum!,corrupt_clusters!,1,0,0,2,130816,0,3,0,0
1,1,.4224510192871094,512,4,36000,1,1,1,1000,1.2325975487742482,sum_of_sum!,corrupt_clusters!,1,0,0,2,130816,0,3,0,0
1,1,.43142106797960067,512,4,37000,1,1,1,1000,1.265906505659739,sum_of_sum!,corrupt_clusters!,1,0,0,2,130816,0,3,0,0
1,1,.4400755564371745,512,4,38000,1,1,1,1000,1.2991906692342778,sum_of_sum!,corrupt_clusters!,1,0,0,2,130816,0,3,0,0
1,1,.4483157263861763,512,4,39000,1,1,1,1000,1.3324506921061323,sum_of_sum!,corrupt_clusters!,1,0,0,2,130816,0,3,0,0
1,1,.4567383660210504,512,4,40000,1,1,1,1000,1.3656871934051777,sum_of_sum!,corrupt_clusters!,1,0,0,2,130816,0,3,0,0
0,1,.0038087632921006945,512,4,1000,1,1,1,1000,.017187891461269325,sum_of_sum!,corrupt_clusters!,1,0,0,1,512,0,3,.017187891461269325,.09107524716999402
.11366666666666665,1,.0038100348578559025,512,4,1000,1,2,1,1000,.017187891461269325,sum_of_sum!,corrupt_clusters!,1,0,0,1,512,0,3,.015234201131838378,Inf
.006666666666666672,1,.011381785074869791,512,4,3000,1,1,1,1000,.04854059832499839,sum_of_sum!,corrupt_clusters!,1,0,0,1,512,0,3,.04821699433616506,.2554923439478208
.5526666666666666,1,.011383480495876735,512,4,3000,1,2,1,1000,.04854059832499839,sum_of_sum!,corrupt_clusters!,1,0,0,1,512,0,3,.021713827650715948,Inf
.02100000000000002,1,.018886778089735243,512,4,5000,1,1,1,1000,.07855824667755938,sum_of_sum!,corrupt_clusters!,1,0,0,1,512,0,3,.07690852349733063,.40752309861755437
.8913333333333334,1,.018895467122395832,512,4,5000,1,2,1,1000,.07855824667755938,sum_of_sum!,corrupt_clusters!,1,0,0,1,512,0,3,.008536662805628113,Inf
.04133333333333337,1,.026360405815972224,512,4,7000,1,1,1,1000,.10782116289327125,sum_of_sum!,corrupt_clusters!,1,0,0,1,512,0,3,.10336455482701604,.5477083911485012
.9696666666666666,1,.026354683770073786,512,4,7000,1,2,1,1000,.10782116289327125,sum_of_sum!,corrupt_clusters!,1,0,0,1,512,0,3,.003270575274429239,Inf
.08399999999999996,1,.03374205695258247,512,4,9000,1,1,1,1000,.13655256679856645,sum_of_sum!,corrupt_clusters!,1,0,0,1,512,0,3,.12508215118748686,.66278565126066
.993,1,.03374544779459635,512,4,9000,1,2,1,1000,.13655256679856645,sum_of_sum!,corrupt_clusters!,1,0,0,1,512,0,3,.0009558679675899659,Inf
.15200000000000002,1,.04109552171495225,512,4,11000,1,1,1,1000,.1648728847908699,sum_of_sum!,corrupt_clusters!,1,0,0,1,512,0,3,.13981220630265767,.7408373083510489
.9963333333333333,1,.04108111063639323,512,4,11000,1,2,1,1000,.1648728847908699,sum_of_sum!,corrupt_clusters!,1,0,0,1,512,0,3,.0006045339108998629,Inf
.2233333333333333,1,.04837735493977865,512,4,13000,1,1,1,1000,.19285779823529478,sum_of_sum!,corrupt_clusters!,1,0,0,1,512,0,3,.14978622329607896,.7936876573889453
.9976666666666668,1,.04838222927517361,512,4,13000,1,2,1,1000,.19285779823529478,sum_of_sum!,corrupt_clusters!,1,0,0,1,512,0,3,.0004500015292156597,Inf
.30833333333333335,1,.05562676323784722,512,4,15000,1,1,1,1000,.22055935973863025,sum_of_sum!,corrupt_clusters!,1,0,0,1,512,0,3,.1525535571525526,.8083512137389582
.9963333333333333,1,.05560429890950521,512,4,15000,1,2,1,1000,.22055935973863025,sum_of_sum!,corrupt_clusters!,1,0,0,1,512,0,3,.0008087176523749864,Inf
.39566666666666667,1,.06277169121636283,512,4,17000,1,1,1,1000,.24801559375730434,sum_of_sum!,corrupt_clusters!,1,0,0,1,512,0,3,.1498840904939976,.794206236369989
.9979999999999999,1,.0627846188015408,512,4,17000,1,2,1,1000,.24801559375730434,sum_of_sum!,corrupt_clusters!,1,0,0,1,512,0,3,.0004960311875146366,Inf
.502,1,.0698992411295573,512,4,19000,1,1,1,1000,.2752555057754467,sum_of_sum!,corrupt_clusters!,1,0,0,1,512,0,3,.13707724187617246,.7263452712268578
.9973333333333333,1,.06991789076063369,512,4,19000,1,2,1,1000,.2752555057754467,sum_of_sum!,corrupt_clusters!,1,0,0,1,512,0,3,.0007340146820678687,Inf
.6043333333333333,1,.07698313395182292,512,4,21000,1,1,1,1000,.30230195626814665,sum_of_sum!,corrupt_clusters!,1,0,0,1,512,0,3,.11961080736343005,.6337940793595424
.999,1,.07699563768174912,512,4,21000,1,2,1,1000,.30230195626814665,sum_of_sum!,corrupt_clusters!,1,0,0,1,512,0,3,.0003023019562681469,Inf
.7066666666666667,1,.0839725070529514,512,4,23000,1,1,1,1000,.32917342914801323,sum_of_sum!,corrupt_clusters!,1,0,0,1,512,0,3,.09655753921675055,.511639357864697
.9983333333333334,1,.08402527703179254,512,4,23000,1,2,1,1000,.32917342914801323,sum_of_sum!,corrupt_clusters!,1,0,0,1,512,0,3,.0005486223819133315,Inf
.7946666666666667,1,.09098519219292535,512,4,25000,1,1,1,1000,.3558851802438607,sum_of_sum!,corrupt_clusters!,1,0,0,1,512,0,3,.07307509034340604,.387210492339463
.9986666666666667,1,.09095954895019531,512,4,25000,1,2,1,1000,.3558851802438607,sum_of_sum!,corrupt_clusters!,1,0,0,1,512,0,3,.00047451357365846814,Inf
.8496666666666667,1,.09784846835666233,512,4,27000,1,1,1,1000,.3824500158664131,sum_of_sum!,corrupt_clusters!,1,0,0,1,512,0,3,.05749498571858409,.30465459053862426
.9986666666666667,1,.09791840447319877,512,4,27000,1,2,1,1000,.3824500158664131,sum_of_sum!,corrupt_clusters!,1,0,0,1,512,0,3,.0005099333544885371,Inf
.8963333333333333,1,.10468355814615886,512,4,29000,1,1,1,1000,.4088788394203821,sum_of_sum!,corrupt_clusters!,1,0,0,1,512,0,3,.04238710635324629,.2246009172586221
1,1,.10473124186197917,512,4,29000,1,2,1,1000,.4088788394203821,sum_of_sum!,corrupt_clusters!,1,0,0,1,512,0,3,0,NaN
.9263333333333333,1,.11153115166558158,512,4,31000,1,1,1,1000,.43518104651990397,sum_of_sum!,corrupt_clusters!,1,0,0,1,512,0,3,.03205833709363292,.16987080592409004
1,1,.11150868733723958,512,4,31000,1,2,1,1000,.43518104651990397,sum_of_sum!,corrupt_clusters!,1,0,0,1,512,0,3,0,NaN
.951,1,.11826515197753906,512,4,33000,1,1,1,1000,.4613648177257042,sum_of_sum!,corrupt_clusters!,1,0,0,1,512,0,3,.022606876068559528,.11978937790740679
1,1,.11823124355740017,512,4,33000,1,2,1,1000,.4613648177257042,sum_of_sum!,corrupt_clusters!,1,0,0,1,512,0,3,0,NaN
.9676666666666666,1,.12503581576877168,512,4,35000,1,1,1,1000,.4874373400648455,sum_of_sum!,corrupt_clusters!,1,0,0,1,512,0,3,.015760473995430055,.08351164352442635
1,1,.1249476538764106,512,4,35000,1,2,1,1000,.4874373400648455,sum_of_sum!,corrupt_clusters!,1,0,0,1,512,0,3,0,NaN
.9853333333333333,1,.13164774576822916,512,4,37000,1,1,1,1000,.5134049777598264,sum_of_sum!,corrupt_clusters!,1,0,0,1,512,0,3,.007529939673810813,.039899665326186454
1,1,.13160938686794707,512,4,37000,1,2,1,1000,.5134049777598264,sum_of_sum!,corrupt_clusters!,1,0,0,1,512,0,3,0,NaN
.9913333333333334,1,.1382054222954644,512,4,39000,1,1,1,1000,.5392734059413598,sum_of_sum!,corrupt_clusters!,1,0,0,1,512,0,3,.004673702851491749,.024765029693018668
1,1,.13824886745876738,512,4,39000,1,2,1,1000,.5392734059413598,sum_of_sum!,corrupt_clusters!,1,0,0,1,512,0,3,0,NaN
0,1,.033728069729275174,512,4,1000,1,1,1,1000,.056368826156386824,sum_of_sum!,erase_clusters!,1,0,0,3,22238720,0,3,.056368826156386824,.07515843487518244
0,1,.06634966532389323,512,4,2000,1,1,1,1000,.1114660865575653,sum_of_sum!,erase_clusters!,1,0,0,3,22238720,0,3,.1114660865575653,.1486214487434204
0,1,.09784910413953991,512,4,3000,1,1,1,1000,.16608340241035088,sum_of_sum!,erase_clusters!,1,0,0,3,22238720,0,3,.16608340241035088,.2214445365471345
0,1,.12830268012152776,512,4,4000,1,1,1,1000,.22038904160471395,sum_of_sum!,erase_clusters!,1,0,0,3,22238720,0,3,.22038904160471395,.29385205547295196
0,1,.15769831339518228,512,4,5000,1,1,1,1000,.2744629201531469,sum_of_sum!,erase_clusters!,1,0,0,3,22238720,0,3,.2744629201531469,.36595056020419586
.00033333333333333365,1,.1860476599799262,512,4,6000,1,1,1,1000,.32835210755507677,sum_of_sum!,erase_clusters!,1,0,0,3,22238720,0,3,.32824265685255843,.4376568758034112
.00033333333333333365,1,.2136813269721137,512,4,7000,1,1,1,1000,.38208770575909373,sum_of_sum!,erase_clusters!,1,0,0,3,22238720,0,3,.38196034319050737,.5092804575873432
.001666666666666668,1,.2401911417643229,512,4,8000,1,1,1,1000,.4356918201885946,sum_of_sum!,erase_clusters!,1,0,0,3,22238720,0,3,.43496566715494694,.5799542228732626
.00366666666666667,1,.26569027370876735,512,4,9000,1,1,1,1000,.48918097905462393,sum_of_sum!,erase_clusters!,1,0,0,3,22238720,0,3,.48738731546475694,.6498497539530093
.01100000000000001,1,.2907545301649306,512,4,10000,1,1,1,1000,.5425680115302521,sum_of_sum!,erase_clusters!,1,0,0,3,22238720,0,3,.5365997634034193,.715466351204559
.019666666666666683,1,.3144978417290582,512,4,11000,1,1,1,1000,.5958631664371623,sum_of_sum!,erase_clusters!,1,0,0,3,22238720,0,3,.5841445241638981,.7788593655518641
.0346666666666667,1,.33781475490993923,512,4,12000,1,1,1,1000,.6490748205789035,sum_of_sum!,erase_clusters!,1,0,0,3,22238720,0,3,.6265735601321681,.8354314135095575
.06366666666666665,1,.3599128723144531,512,4,13000,1,1,1,1000,.7022099492718223,sum_of_sum!,erase_clusters!,1,0,0,3,22238720,0,3,.6575025825015164,.8766701100020219
.10666666666666665,1,.3816521962483724,512,4,14000,1,1,1,1000,.7552744512317292,sum_of_sum!,erase_clusters!,1,0,0,3,22238720,0,3,.6747118431003447,.8996157908004596
.15633333333333335,1,.40250078837076825,512,4,15000,1,1,1,1000,.8082733801653927,sum_of_sum!,erase_clusters!,1,0,0,3,22238720,0,3,.6819133083995363,.9092177445327151
.23666666666666666,1,.42252477010091144,512,4,16000,1,1,1,1000,.8612111143355224,sum_of_sum!,erase_clusters!,1,0,0,3,22238720,0,3,.6573911506094487,.8765215341459317
.319,1,.44232410854763454,512,4,17000,1,1,1,1000,.9140914835743019,sum_of_sum!,erase_clusters!,1,0,0,3,22238720,0,3,.6224963003140996,.8299950670854662
.41133333333333333,1,.46088536580403644,512,4,18000,1,1,1,1000,.9669178663123729,sum_of_sum!,erase_clusters!,1,0,0,3,22238720,0,3,.5691923173025502,.7589230897367335
.5326666666666667,1,.4790939754909939,512,4,19000,1,1,1,1000,1.019693264982679,sum_of_sum!,erase_clusters!,1,0,0,3,22238720,0,3,.4765366525019053,.6353822033358737
.657,1,.4969083997938368,512,4,20000,1,1,1,1000,1.0724203655084208,sum_of_sum!,erase_clusters!,1,0,0,3,22238720,0,3,.3678401853693883,.4904535804925177
.7573333333333334,1,.513395521375868,512,4,21000,1,1,1,1000,1.125101584865614,sum_of_sum!,erase_clusters!,1,0,0,3,22238720,0,3,.2730246512607223,.3640328683476297
.8403333333333333,1,.5299265119764541,512,4,22000,1,1,1,1000,1.1777391095670329,sum_of_sum!,erase_clusters!,1,0,0,3,22238720,0,3,.18804567782753634,.2507275704367151
.9033333333333333,1,.5460340711805555,512,4,23000,1,1,1,1000,1.2303349271357156,sum_of_sum!,erase_clusters!,1,0,0,3,22238720,0,3,.11893237628978585,.15857650171971446
.9476666666666667,1,.5615314907497829,512,4,24000,1,1,1,1000,1.282890852095307,sum_of_sum!,erase_clusters!,1,0,0,3,22238720,0,3,.06713795459298774,.08951727279065032
.9766666666666666,1,.5760754479302301,512,4,25000,1,1,1,1000,1.335408547621798,sum_of_sum!,erase_clusters!,1,0,0,3,22238720,0,3,.031159532777842083,.04154604370378944
.9906666666666667,1,.5903877682156033,512,4,26000,1,1,1,1000,1.3878895437259364,sum_of_sum!,erase_clusters!,1,0,0,3,22238720,0,3,.012953635741442034,.017271514321922712
.9973333333333333,1,.6043552822536893,512,4,27000,1,1,1,1000,1.4403352526345854,sum_of_sum!,erase_clusters!,1,0,0,3,22238720,0,3,.0038408940070256176,.00512119200936749
.9993333333333334,1,.6177838643391927,512,4,28000,1,1,1,1000,1.4927469818905417,sum_of_sum!,erase_clusters!,1,0,0,3,22238720,0,3,.0009951646545935848,.0013268862061247798
1,1,.6305063035753039,512,4,29000,1,1,1,1000,1.5451259455787898,sum_of_sum!,erase_clusters!,1,0,0,3,22238720,0,3,0,0
1,1,.6430113050672742,512,4,30000,1,1,1,1000,1.5974732740026605,sum_of_sum!,erase_clusters!,1,0,0,3,22238720,0,3,0,0
1,1,.6549951765272352,512,4,31000,1,1,1,1000,1.6497900220685462,sum_of_sum!,erase_clusters!,1,0,0,3,22238720,0,3,0,0
1,1,.6662364535861545,512,4,32000,1,1,1,1000,1.7020771765877116,sum_of_sum!,erase_clusters!,1,0,0,3,22238720,0,3,0,0
1,1,.6776426103379992,512,4,33000,1,1,1,1000,1.7543356626645819,sum_of_sum!,erase_clusters!,1,0,0,3,22238720,0,3,0,0
1,1,.6890591515435113,512,4,34000,1,1,1,1000,1.806566349310062,sum_of_sum!,erase_clusters!,1,0,0,3,22238720,0,3,0,0
1,1,.6995353698730469,512,4,35000,1,1,1,1000,1.8587700543939578,sum_of_sum!,erase_clusters!,1,0,0,3,22238720,0,3,0,0
1,1,.7095264858669704,512,4,36000,1,1,1,1000,1.9109475490309957,sum_of_sum!,erase_clusters!,1,0,0,3,22238720,0,3,0,0
1,1,.7190041012234158,512,4,37000,1,1,1,1000,1.963099561479174,sum_of_sum!,erase_clusters!,1,0,0,3,22238720,0,3,0,0
1,1,.7284692128499349,512,4,38000,1,1,1,1000,2.0152267806163997,sum_of_sum!,erase_clusters!,1,0,0,3,22238720,0,3,0,0
1,1,.7378050486246744,512,4,39000,1,1,1,1000,2.067329859050942,sum_of_sum!,erase_clusters!,1,0,0,3,22238720,0,3,0,0
1,1,.7467146979437934,512,4,40000,1,1,1,1000,2.119409415912675,sum_of_sum!,erase_clusters!,1,0,0,3,22238720,0,3,0,0
0,1,.059199015299479164,512,4,1000,1,1,1,1000,.07414918566890842,sum_of_sum!,erase_clusters!,1,0,0,4,2829877120,0,3,.07414918566890842,.0988655808918779
0,1,.31701215108235675,512,4,1000,1,1,1,1000,.16743952908173654,sum_of_sum!,erase_clusters!,1,0,0,10,1,0,3,.16743952908173654,.22325270544231537
0,1,.11497794257269965,512,4,2000,1,1,1,1000,.14702680558260853,sum_of_sum!,erase_clusters!,1,0,0,4,2829877120,0,3,.14702680558260853,.19603574077681138
0,1,.5333885616726345,512,4,2000,1,1,1,1000,.33360749240826476,sum_of_sum!,erase_clusters!,1,0,0,10,1,0,3,.33360749240826476,.44480998987768633
0,1,.1672488318549262,512,4,3000,1,1,1,1000,.2194244809479157,sum_of_sum!,erase_clusters!,1,0,0,4,2829877120,0,3,.2194244809479157,.29256597459722095
.026000000000000023,1,.6818392011854383,512,4,3000,1,1,1,1000,.4992955111864001,sum_of_sum!,erase_clusters!,1,0,0,10,1,0,3,.48631382789555366,.6484184371940716
0,1,.21659278869628906,512,4,4000,1,1,1,1000,.29151047965480037,sum_of_sum!,erase_clusters!,1,0,0,4,2829877120,0,3,.29151047965480037,.3886806395397338
.5076666666666667,1,.7825374603271484,512,4,4000,1,1,1,1000,.6646718533061128,sum_of_sum!,erase_clusters!,1,0,0,10,1,0,3,.32724010911104284,.4363201454813905
.0010000000000000009,1,.2630208333333333,512,4,5000,1,1,1,1000,.3633647177157549,sum_of_sum!,erase_clusters!,1,0,0,4,2829877120,0,3,.36300135299803915,.4840018039973855
.9983333333333334,1,.8515637715657552,512,4,5000,1,1,1,1000,.8298164347798953,sum_of_sum!,erase_clusters!,1,0,0,10,1,0,3,.0013830273912997654,.0018440365217330206
.00033333333333333365,1,.30670738220214844,512,4,6000,1,1,1,1000,.4350342646302064,sum_of_sum!,erase_clusters!,1,0,0,4,2829877120,0,3,.434889253208663,.5798523376115506
1,1,.8987818823920356,512,4,6000,1,1,1,1000,.9947763251071752,sum_of_sum!,erase_clusters!,1,0,0,10,1,0,3,0,0
.003333333333333336,1,.34793514675564235,512,4,7000,1,1,1,1000,.506550222346745,sum_of_sum!,erase_clusters!,1,0,0,4,2829877120,0,3,.5048617216055892,.6731489621407856
1,1,.9309861924913195,512,4,7000,1,1,1,1000,1.1595826262365418,sum_of_sum!,erase_clusters!,1,0,0,10,1,0,3,0,0
.010666666666666677,1,.3864563835991753,512,4,8000,1,1,1,1000,.5779346962887674,sum_of_sum!,erase_clusters!,1,0,0,4,2829877120,0,3,.5717700595283538,.7623600793711384
1,1,.9529397752549914,512,4,8000,1,1,1,1000,1.324257443591392,sum_of_sum!,erase_clusters!,1,0,0,10,1,0,3,0,0
.02866666666666669,1,.42258750067816836,512,4,9000,1,1,1,1000,.6492042146673184,sum_of_sum!,erase_clusters!,1,0,0,4,2829877120,0,3,.6305936938468552,.8407915917958069
1,1,.9677541520860461,512,4,9000,1,1,1,1000,1.4888173053827716,sum_of_sum!,erase_clusters!,1,0,0,10,1,0,3,0,0
.05300000000000005,1,.45688523186577695,512,4,10000,1,1,1,1000,.7203716066554682,sum_of_sum!,erase_clusters!,1,0,0,4,2829877120,0,3,.6821919115027283,.909589215336971
1,1,.9779927995469834,512,4,10000,1,1,1,1000,1.6532750407837489,sum_of_sum!,erase_clusters!,1,0,0,10,1,0,3,0,0
.11599999999999999,1,.4891336229112413,512,4,11000,1,1,1,1000,.7914471210749,sum_of_sum!,erase_clusters!,1,0,0,4,2829877120,0,3,.6996392550302116,.9328523400402822
1,1,.9849904378255209,512,4,11000,1,1,1,1000,1.8176408986160093,sum_of_sum!,erase_clusters!,1,0,0,10,1,0,3,0,0
.23199999999999998,1,.519408967759874,512,4,12000,1,1,1,1000,.8624391347291628,sum_of_sum!,erase_clusters!,1,0,0,4,2829877120,0,3,.6623532554719971,.8831376739626627
1,1,.9898264143202039,512,4,12000,1,1,1,1000,1.9819232556831003,sum_of_sum!,erase_clusters!,1,0,0,10,1,0,3,0,0
.369,1,.5476678212483724,512,4,13000,1,1,1,1000,.9333546229346031,sum_of_sum!,erase_clusters!,1,0,0,4,2829877120,0,3,.5889467670717345,.7852623560956461
1,1,.9929989708794488,512,4,13000,1,1,1,1000,2.1461290873013685,sum_of_sum!,erase_clusters!,1,0,0,10,1,0,3,0,0
.5486666666666667,1,.5743829939100477,512,4,14000,1,1,1,1000,1.0041994844070314,sum_of_sum!,erase_clusters!,1,0,0,4,2829877120,0,3,.4532287006290401,.6043049341720534
1,1,.9951873355441623,512,4,14000,1,1,1,1000,2.310264292186625,sum_of_sum!,erase_clusters!,1,0,0,10,1,0,3,0,0
.7356666666666666,1,.5997810363769531,512,4,15000,1,1,1,1000,1.0749787728532167,sum_of_sum!,erase_clusters!,1,0,0,4,2829877120,0,3,.2841527222908671,.37887029638782277
1,1,.9967083401150173,512,4,15000,1,1,1,1000,2.4743339240456383,sum_of_sum!,erase_clusters!,1,0,0,10,1,0,3,0,0
.8850000000000001,1,.6232770284016927,512,4,16000,1,1,1,1000,1.1456968665358682,sum_of_sum!,erase_clusters!,1,0,0,4,2829877120,0,3,.13175513965162472,.17567351953549962
1,1,.9978120591905383,512,4,16000,1,1,1,1000,2.6383423611411176,sum_of_sum!,erase_clusters!,1,0,0,10,1,0,3,0,0
.9443333333333334,1,.6457475026448568,512,4,17000,1,1,1,1000,1.216357595287169,sum_of_sum!,erase_clusters!,1,0,0,4,2829877120,0,3,.06771057280431905,.09028076373909207
1,1,.9984245300292969,512,4,17000,1,1,1,1000,2.802293433305247,sum_of_sum!,erase_clusters!,1,0,0,10,1,0,3,0,0
.9876666666666667,1,.666630850897895,512,4,18000,1,1,1,1000,1.2869643375377617,sum_of_sum!,erase_clusters!,1,0,0,4,2829877120,0,3,.015872560162965694,.021163413550620926
1,1,.9989706675211588,512,4,18000,1,1,1,1000,2.966190518968668,sum_of_sum!,erase_clusters!,1,0,0,10,1,0,3,0,0
.9983333333333334,1,.6860752105712891,512,4,19000,1,1,1,1000,1.3575200957205897,sum_of_sum!,erase_clusters!,1,0,0,4,2829877120,0,3,.002262533492867551,.0030167113238234017
1,1,.9992874993218317,512,4,19000,1,1,1,1000,3.1300366205643235,sum_of_sum!,erase_clusters!,1,0,0,10,1,0,3,0,0
1,1,.7049282921685114,512,4,20000,1,1,1,1000,1.428027555758853,sum_of_sum!,erase_clusters!,1,0,0,4,2829877120,0,3,0,0
1,1,.9995146857367622,512,4,20000,1,1,1,1000,3.2938344240154147,sum_of_sum!,erase_clusters!,1,0,0,10,1,0,3,0,0
0,1,.05921363830566406,512,4,1000,1,1,1,1000,.07414918566890842,sum_of_sum!,erase_clusters!,1,0,0,4,2829877120,0,3,.07414918566890842,.0988655808918779
0,1,.12830607096354166,512,4,1000,1,1,1,1000,.107381902618796,sum_of_sum!,erase_clusters!,1,0,0,6,24295061050624,0,3,.107381902618796,.14317587015839467
0,1,.08746931287977432,512,4,1500,1,1,1,1000,.1106659147903641,sum_of_sum!,erase_clusters!,1,0,0,4,2829877120,0,3,.1106659147903641,.1475545530538188
0,1,.1861731211344401,512,4,1500,1,1,1,1000,.16051499021519547,sum_of_sum!,erase_clusters!,1,0,0,6,24295061050624,0,3,.16051499021519547,.21401998695359395
0,1,.11494361029730903,512,4,2000,1,1,1,1000,.14702680558260853,sum_of_sum!,erase_clusters!,1,0,0,4,2829877120,0,3,.14702680558260853,.19603574077681138
0,1,.2401269276936849,512,4,2000,1,1,1,1000,.2134922394823837,sum_of_sum!,erase_clusters!,1,0,0,6,24295061050624,0,3,.2134922394823837,.2846563193098449
0,1,.1415006849500868,512,4,2500,1,1,1,1000,.1832718160518879,sum_of_sum!,erase_clusters!,1,0,0,4,2829877120,0,3,.1832718160518879,.24436242140251718
0,1,.2906227111816406,512,4,2500,1,1,1,1000,.26635360842660677,sum_of_sum!,erase_clusters!,1,0,0,6,24295061050624,0,3,.26635360842660677,.35513814456880904
0,1,.16726557413736978,512,4,3000,1,1,1,1000,.2194244809479157,sum_of_sum!,erase_clusters!,1,0,0,4,2829877120,0,3,.2194244809479157,.29256597459722095
0,1,.3376670413547092,512,4,3000,1,1,1,1000,.31912263179757844,sum_of_sum!,erase_clusters!,1,0,0,6,24295061050624,0,3,.31912263179757844,.42549684239677127
0,1,.19237772623697916,512,4,3500,1,1,1,1000,.25550035124498705,sum_of_sum!,erase_clusters!,1,0,0,4,2829877120,0,3,.25550035124498705,.3406671349933161
0,1,.38174480862087673,512,4,3500,1,1,1,1000,.3718148605695935,sum_of_sum!,erase_clusters!,1,0,0,6,24295061050624,0,3,.3718148605695935,.4957531474261247
0,1,.2165501912434896,512,4,4000,1,1,1,1000,.29151047965480037,sum_of_sum!,erase_clusters!,1,0,0,4,2829877120,0,3,.29151047965480037,.3886806395397338
.00033333333333333365,1,.4227871365017361,512,4,4000,1,1,1,1000,.4244413474543507,sum_of_sum!,erase_clusters!,1,0,0,6,24295061050624,0,3,.4242998670051993,.5657331560069324
0,1,.24020067850748697,512,4,4500,1,1,1,1000,.32746313028287793,sum_of_sum!,erase_clusters!,1,0,0,4,2829877120,0,3,.32746313028287793,.4366175070438372
.0010000000000000009,1,.46088091532389325,512,4,4500,1,1,1,1000,.477010356557372,sum_of_sum!,erase_clusters!,1,0,0,6,24295061050624,0,3,.4765333462008146,.6353777949344195
.00033333333333333365,1,.26309458414713544,512,4,5000,1,1,1,1000,.3633647177157549,sum_of_sum!,erase_clusters!,1,0,0,4,2829877120,0,3,.363243596143183,.48432479485757735
.007666666666666673,1,.49666171603732634,512,4,5000,1,1,1,1000,.5295283024651928,sum_of_sum!,erase_clusters!,1,0,0,6,24295061050624,0,3,.5254685854796263,.7006247806395017
.0006666666666666673,1,.2851214938693576,512,4,5500,1,1,1,1000,.3992203663642729,sum_of_sum!,erase_clusters!,1,0,0,4,2829877120,0,3,.39895421945336335,.5319389592711511
.012333333333333344,1,.5300526089138454,512,4,5500,1,1,1,1000,.5820003095886546,sum_of_sum!,erase_clusters!,1,0,0,6,24295061050624,0,3,.5748223057703945,.7664297410271926
.0010000000000000009,1,.3067938486735026,512,4,6000,1,1,1,1000,.4350342646302064,sum_of_sum!,erase_clusters!,1,0,0,4,2829877120,0,3,.4345992303655762,.5794656404874349
.03200000000000003,1,.5613846249050565,512,4,6000,1,1,1,1000,.6344305663295319,sum_of_sum!,erase_clusters!,1,0,0,6,24295061050624,0,3,.6141287882069868,.8188383842759824
.0010000000000000009,1,.32749493916829425,512,4,6500,1,1,1,1000,.4708099001717287,sum_of_sum!,erase_clusters!,1,0,0,4,2829877120,0,3,.47033909027155696,.6271187870287426
.07233333333333329,1,.5907109578450521,512,4,6500,1,1,1,1000,.6868225603459979,sum_of_sum!,erase_clusters!,1,0,0,6,24295061050624,0,3,.6371423951476374,.8495231935301831
.006000000000000005,1,.34776560465494794,512,4,7000,1,1,1,1000,.506550222346745,sum_of_sum!,erase_clusters!,1,0,0,4,2829877120,0,3,.5035109210126645,.6713478946835526
.1496666666666667,1,.6174752977159289,512,4,7000,1,1,1,1000,.7391792409959579,sum_of_sum!,erase_clusters!,1,0,0,6,24295061050624,0,3,.6285487479268962,.8380649972358616
.006666666666666672,1,.36730172899034286,512,4,7500,1,1,1,1000,.5422577580086396,sum_of_sum!,erase_clusters!,1,0,0,4,2829877120,0,3,.538642706288582,.7181902750514427
.2313333333333333,1,.6430282592773438,512,4,7500,1,1,1,1000,.7915031351327965,sum_of_sum!,erase_clusters!,1,0,0,6,24295061050624,0,3,.6084020765387429,.8112027687183239
.008000000000000007,1,.3863485124376085,512,4,8000,1,1,1,1000,.5779346962887674,sum_of_sum!,erase_clusters!,1,0,0,4,2829877120,0,3,.5733112187184572,.7644149582912764
.40066666666666667,1,.6670561896430122,512,4,8000,1,1,1,1000,.843796431887868,sum_of_sum!,erase_clusters!,1,0,0,6,24295061050624,0,3,.5057153281781288,.674287104237505
.019000000000000017,1,.404801262749566,512,4,8500,1,1,1,1000,.61358295210322,sum_of_sum!,erase_clusters!,1,0,0,4,2829877120,0,3,.6019248760132588,.8025665013510118
.5666666666666667,1,.6887440151638455,512,4,8500,1,1,1,1000,.8960610461772642,sum_of_sum!,erase_clusters!,1,0,0,6,24295061050624,0,3,.3882931200101479,.5177241600135305
.028000000000000025,1,.42270660400390625,512,4,9000,1,1,1,1000,.6492042146673184,sum_of_sum!,erase_clusters!,1,0,0,4,2829877120,0,3,.6310264966566335,.8413686622088447
.757,1,.7091778649224175,512,4,9000,1,1,1,1000,.9482986672163065,sum_of_sum!,erase_clusters!,1,0,0,6,24295061050624,0,3,.23043657613356247,.3072487681780833
.0376666666666667,1,.43994712829589844,512,4,9500,1,1,1,1000,.6847999851975345,sum_of_sum!,erase_clusters!,1,0,0,4,2829877120,0,3,.6590058524217607,.8786744698956809
.882,1,.7287786271837023,512,4,9500,1,1,1,1000,1.0005107962214663,sum_of_sum!,erase_clusters!,1,0,0,6,24295061050624,0,3,.11806027395413302,.1574136986055107
.06033333333333335,1,.4567898644341362,512,4,10000,1,1,1,1000,.7203716066554682,sum_of_sum!,erase_clusters!,1,0,0,4,2829877120,0,3,.676909186387255,.9025455818496733
.9623333333333334,1,.7468068864610461,512,4,10000,1,1,1,1000,1.0526987761543438,sum_of_sum!,erase_clusters!,1,0,0,6,24295061050624,0,3,.03965165390181358,.05286887186908477
.0863333333333333,1,.4730781979031033,512,4,10500,1,1,1,1000,.7559202875291277,sum_of_sum!,erase_clusters!,1,0,0,4,2829877120,0,3,.6906591693724463,.920878892496595
.9903333333333334,1,.7636428409152561,512,4,10500,1,1,1,1000,1.104863815502947,sum_of_sum!,erase_clusters!,1,0,0,6,24295061050624,0,3,.010680350216528417,.014240466955371222
.13533333333333333,1,.4889651404486763,512,4,11000,1,1,1,1000,.7914471210749,sum_of_sum!,erase_clusters!,1,0,0,4,2829877120,0,3,.6843379440227636,.9124505920303515
.9986666666666667,1,.7793078952365452,512,4,11000,1,1,1,1000,1.1570070075236634,sum_of_sum!,erase_clusters!,1,0,0,6,24295061050624,0,3,.0015426760100315097,.0020569013467086794
.17500000000000004,1,.5042911105685763,512,4,11500,1,1,1,1000,.8269531010543042,sum_of_sum!,erase_clusters!,1,0,0,4,2829877120,0,3,.6822363083698009,.9096484111597345
.9996666666666667,1,.7940824296739365,512,4,11500,1,1,1,1000,1.2091293459780112,sum_of_sum!,erase_clusters!,1,0,0,6,24295061050624,0,3,.00040304311532595935,.0005373908204346125
.23166666666666666,1,.519433127509223,512,4,12000,1,1,1,1000,.8624391347291628,sum_of_sum!,erase_clusters!,1,0,0,4,2829877120,0,3,.6626407351835734,.8835209802447644
1,1,.8073711395263672,512,4,12000,1,1,1,1000,1.2612317381278138,sum_of_sum!,erase_clusters!,1,0,0,6,24295061050624,0,3,0,0
.30133333333333334,1,.5335500505235461,512,4,12500,1,1,1,1000,.8979060536874712,sum_of_sum!,erase_clusters!,1,0,0,4,2829877120,0,3,.6273370295096465,.8364493726795287
1,1,.8202148013644749,512,4,12500,1,1,1,1000,1.3133150155610658,sum_of_sum!,erase_clusters!,1,0,0,6,24295061050624,0,3,0,0
.36533333333333334,1,.5476536220974393,512,4,13000,1,1,1,1000,.9333546229346031,sum_of_sum!,erase_clusters!,1,0,0,4,2829877120,0,3,.5923690673558282,.7898254231411043
1,1,.8319117228190104,512,4,13000,1,1,1,1000,1.3653799432831415,sum_of_sum!,erase_clusters!,1,0,0,6,24295061050624,0,3,0,0
.4709999999999999,1,.5613858964708117,512,4,13500,1,1,1,1000,.9687855485839908,sum_of_sum!,erase_clusters!,1,0,0,4,2829877120,0,3,.5124875552009313,.6833167402679083
1,1,.8434865739610461,512,4,13500,1,1,1,1000,1.4174272274074726,sum_of_sum!,erase_clusters!,1,0,0,6,24295061050624,0,3,0,0
.5486666666666667,1,.574658923678928,512,4,14000,1,1,1,1000,1.0041994844070314,sum_of_sum!,erase_clusters!,1,0,0,4,2829877120,0,3,.4532287006290401,.6043049341720534
1,1,.853790283203125,512,4,14000,1,1,1,1000,1.4694575217054575,sum_of_sum!,erase_clusters!,1,0,0,6,24295061050624,0,3,0,0
.636,1,.5872940487331814,512,4,14500,1,1,1,1000,1.0395970374462185,sum_of_sum!,erase_clusters!,1,0,0,4,2829877120,0,3,.3784133216304235,.5045510955072313
1,1,.8636964162190756,512,4,14500,1,1,1,1000,1.5214714332195882,sum_of_sum!,erase_clusters!,1,0,0,6,24295061050624,0,3,0,0
.7483333333333334,1,.5997649298773872,512,4,15000,1,1,1,1000,1.0749787728532167,sum_of_sum!,erase_clusters!,1,0,0,4,2829877120,0,3,.2705363245013928,.3607150993351904
1,1,.8726251390245227,512,4,15000,1,1,1,1000,1.5734695271015304,sum_of_sum!,erase_clusters!,1,0,0,6,24295061050624,0,3,0,0
0,1,.059221903483072914,256,8,1000,1,4,1,1000,.060484228521188343,sum_of_sum!,erase_clusters!,1,0,0,2,32640,0,3,.060484228521188343,.12096845704237669
0,1,.05923044113885789,256,8,1000,1,4,1,1000,.060484228521188343,sum_of_sum!,erase_clusters!,1,0,0,2,32640,1,3,.060484228521188343,.12096845704237669
0,1,.11495444888160343,256,8,2000,1,4,1,1000,.1198785435379124,sum_of_sum!,erase_clusters!,1,0,0,2,32640,0,3,.1198785435379124,.2397570870758248
0,1,.11489795503162203,256,8,2000,1,4,1,1000,.1198785435379124,sum_of_sum!,erase_clusters!,1,0,0,2,32640,1,3,.1198785435379124,.2397570870758248
.00033333333333333365,1,.1672975449335007,256,8,3000,1,4,1,1000,.1788614775131568,sum_of_sum!,erase_clusters!,1,0,0,2,32640,0,3,.17880185702065243,.35760371404130487
.001666666666666668,1,.16729427519298734,256,8,3000,1,4,1,1000,.1788614775131568,sum_of_sum!,erase_clusters!,1,0,0,2,32640,1,3,.17856337505063488,.35712675010126976
.009000000000000008,1,.21658960978190103,256,8,4000,1,4,1,1000,.23757726006689625,sum_of_sum!,erase_clusters!,1,0,0,2,32640,0,3,.2354390647262942,.4708781294525884
.006000000000000005,1,.21667444138299852,256,8,4000,1,4,1,1000,.23757726006689625,sum_of_sum!,erase_clusters!,1,0,0,2,32640,1,3,.23615179650649487,.47230359301298974
.03700000000000003,1,.26306079682849703,256,8,5000,1,4,1,1000,.2960943906384098,sum_of_sum!,erase_clusters!,1,0,0,2,32640,0,3,.28513889818478866,.5702777963695773
.039333333333333366,1,.26302809942336314,256,8,5000,1,4,1,1000,.2960943906384098,sum_of_sum!,erase_clusters!,1,0,0,2,32640,1,3,.28444801127329905,.5688960225465981
.10799999999999998,1,.306556883312407,256,8,6000,1,4,1,1000,.35445321451292083,sum_of_sum!,erase_clusters!,1,0,0,2,32640,0,3,.3161722673455254,.6323445346910508
.10433333333333332,1,.30665842692057294,256,8,6000,1,4,1,1000,.35445321451292083,sum_of_sum!,erase_clusters!,1,0,0,2,32640,1,3,.3174719291320728,.6349438582641456
.253,1,.3476613362630208,256,8,7000,1,4,1,1000,.4126803905035064,sum_of_sum!,erase_clusters!,1,0,0,2,32640,0,3,.30827225170611927,.6165445034122385
.25533333333333336,1,.34766024634951637,256,8,7000,1,4,1,1000,.4126803905035064,sum_of_sum!,erase_clusters!,1,0,0,2,32640,1,3,.30730933079494444,.6146186615898889
.4696666666666666,1,.38641884213402156,256,8,8000,1,4,1,1000,.4707948661159353,sum_of_sum!,erase_clusters!,1,0,0,2,32640,0,3,.24967821066348433,.49935642132696867
.4746666666666666,1,.3863258361816406,256,8,8000,1,4,1,1000,.4707948661159353,sum_of_sum!,erase_clusters!,1,0,0,2,32640,1,3,.24732423633290473,.49464847266580947
.6986666666666667,1,.42268353416806176,256,8,9000,1,4,1,1000,.5288108083882458,sum_of_sum!,erase_clusters!,1,0,0,2,32640,0,3,.15934832359432474,.3186966471886495
.6956666666666668,1,.4226130530947731,256,8,9000,1,4,1,1000,.5288108083882458,sum_of_sum!,erase_clusters!,1,0,0,2,32640,1,3,.16093475601948942,.32186951203897884
.8763333333333333,1,.45657748267764137,256,8,10000,1,4,1,1000,.5867392137544982,sum_of_sum!,erase_clusters!,1,0,0,2,32640,0,3,.07256008276763963,.14512016553527926
.8889999999999999,1,.45685304914202013,256,8,10000,1,4,1,1000,.5867392137544982,sum_of_sum!,erase_clusters!,1,0,0,2,32640,1,3,.06512805272674936,.13025610545349872
.9693333333333333,1,.4889373779296875,256,8,11000,1,4,1,1000,.6445888669189923,sum_of_sum!,erase_clusters!,1,0,0,2,32640,0,3,.019767391918849138,.039534783837698276
.9686666666666667,1,.4890062241327195,256,8,11000,1,4,1,1000,.6445888669189923,sum_of_sum!,erase_clusters!,1,0,0,2,32640,1,3,.02019711783012842,.04039423566025684
.9979999999999999,1,.5194349743071056,256,8,12000,1,4,1,1000,.7023669479990559,sum_of_sum!,erase_clusters!,1,0,0,2,32640,0,3,.001404733895998191,.002809467791996382
.9966666666666667,1,.5191784813290551,256,8,12000,1,4,1,1000,.7023669479990559,sum_of_sum!,erase_clusters!,1,0,0,2,32640,1,3,.002341223159996829,.004682446319993658
1,1,.5477382114955357,256,8,13000,1,4,1,1000,.7600794358372717,sum_of_sum!,erase_clusters!,1,0,0,2,32640,0,3,0,0
1,1,.5475683666410901,256,8,13000,1,4,1,1000,.7600794358372717,sum_of_sum!,erase_clusters!,1,0,0,2,32640,1,3,0,0
1,1,.5745442708333334,256,8,14000,1,4,1,1000,.8177313864757628,sum_of_sum!,erase_clusters!,1,0,0,2,32640,0,3,0,0
1,1,.574731917608352,256,8,14000,1,4,1,1000,.8177313864757628,sum_of_sum!,erase_clusters!,1,0,0,2,32640,1,3,0,0
1,1,.5996113731747582,256,8,15000,1,4,1,1000,.8753271316631883,sum_of_sum!,erase_clusters!,1,0,0,2,32640,0,3,0,0
1,1,.5997245425269717,256,8,15000,1,4,1,1000,.8753271316631883,sum_of_sum!,erase_clusters!,1,0,0,2,32640,1,3,0,0
1,1,.6233585902622768,256,8,16000,1,4,1,1000,.9328704241961564,sum_of_sum!,erase_clusters!,1,0,0,2,32640,0,3,0,0
1,1,.6233818417503721,256,8,16000,1,4,1,1000,.9328704241961564,sum_of_sum!,erase_clusters!,1,0,0,2,32640,1,3,0,0
1,1,.6461681184314546,256,8,17000,1,4,1,1000,.990364546787967,sum_of_sum!,erase_clusters!,1,0,0,2,32640,0,3,0,0
1,1,.6458046322777157,256,8,17000,1,4,1,1000,.990364546787967,sum_of_sum!,erase_clusters!,1,0,0,2,32640,1,3,0,0
1,1,.6667188008626302,256,8,18000,1,4,1,1000,1.047812395236313,sum_of_sum!,erase_clusters!,1,0,0,2,32640,0,3,0,0
1,1,.6669260660807291,256,8,18000,1,4,1,1000,1.047812395236313,sum_of_sum!,erase_clusters!,1,0,0,2,32640,1,3,0,0
1,1,.6863888331821987,256,8,19000,1,4,1,1000,1.1052165430551466,sum_of_sum!,erase_clusters!,1,0,0,2,32640,0,3,0,0
1,1,.6862273443312872,256,8,19000,1,4,1,1000,1.1052165430551466,sum_of_sum!,erase_clusters!,1,0,0,2,32640,1,3,0,0
1,1,.7049001057942709,256,8,20000,1,4,1,1000,1.1625792924643537,sum_of_sum!,erase_clusters!,1,0,0,2,32640,0,3,0,0
1,1,.7051644098191034,256,8,20000,1,4,1,1000,1.1625792924643537,sum_of_sum!,erase_clusters!,1,0,0,2,32640,1,3,0,0
1,1,.7224758693150113,256,8,21000,1,4,1,1000,1.2199027151576618,sum_of_sum!,erase_clusters!,1,0,0,2,32640,0,3,0,0
1,1,.7223002115885416,256,8,21000,1,4,1,1000,1.2199027151576618,sum_of_sum!,erase_clusters!,1,0,0,2,32640,1,3,0,0
1,1,.7388963245210194,256,8,22000,1,4,1,1000,1.2771886852888774,sum_of_sum!,erase_clusters!,1,0,0,2,32640,0,3,0,0
1,1,.7385989597865513,256,8,22000,1,4,1,1000,1.2771886852888774,sum_of_sum!,erase_clusters!,1,0,0,2,32640,1,3,0,0
1,1,.7543525695800781,256,8,23000,1,4,1,1000,1.3344389064491764,sum_of_sum!,erase_clusters!,1,0,0,2,32640,0,3,0,0
1,1,.7541116986955915,256,8,23000,1,4,1,1000,1.3344389064491764,sum_of_sum!,erase_clusters!,1,0,0,2,32640,1,3,0,0
0,1,.05922026861281623,256,8,1000,1,5,1,1000,.060484228521188343,sum_of_sum!,erase_clusters!,1,0,0,2,32640,0,3,.060484228521188343,.16129127605650226
0,1,.05921845209030877,256,8,1000,1,5,1,1000,.060484228521188343,sum_of_sum!,erase_clusters!,1,0,0,2,32640,1,3,.060484228521188343,.16129127605650226
.02833333333333336,1,.059206826346261156,256,8,1000,1,6,1,1000,.060484228521188343,sum_of_sum!,erase_clusters!,1,0,0,2,32640,0,3,.058770508713088004,.23508203485235202
.02766666666666669,1,.0592391604468936,256,8,1000,1,6,1,1000,.060484228521188343,sum_of_sum!,erase_clusters!,1,0,0,2,32640,1,3,.05881083153210213,.2352433261284085
.007000000000000006,1,.1149052211216518,256,8,2000,1,5,1,1000,.1198785435379124,sum_of_sum!,erase_clusters!,1,0,0,2,32640,0,3,.11903939373314701,.317438383288392
.0040000000000000036,1,.11492665608723958,256,8,2000,1,5,1,1000,.1198785435379124,sum_of_sum!,erase_clusters!,1,0,0,2,32640,1,3,.11939902936376075,.3183974116366953
.2753333333333334,1,.11489214215959821,256,8,2000,1,6,1,1000,.1198785435379124,sum_of_sum!,erase_clusters!,1,0,0,2,32640,0,3,.08687198455047385,.3474879382018954
.2763333333333334,1,.1149262927827381,256,8,2000,1,6,1,1000,.1198785435379124,sum_of_sum!,erase_clusters!,1,0,0,2,32640,1,3,.08675210600693595,.3470084240277438
.04033333333333337,1,.1673002697172619,256,8,3000,1,5,1,1000,.1788614775131568,sum_of_sum!,erase_clusters!,1,0,0,2,32640,0,3,.17164739792012615,.45772639445366975
.03400000000000003,1,.16732097807384672,256,8,3000,1,5,1,1000,.1788614775131568,sum_of_sum!,erase_clusters!,1,0,0,2,32640,1,3,.17278018727770947,.46074716607389193
.7233333333333333,1,.16731207711356025,256,8,3000,1,6,1,1000,.1788614775131568,sum_of_sum!,erase_clusters!,1,0,0,2,32640,0,3,.04948500877864006,.19794003511456024
.7313333333333333,1,.16738782610212055,256,8,3000,1,6,1,1000,.1788614775131568,sum_of_sum!,erase_clusters!,1,0,0,2,32640,1,3,.04805411695853481,.19221646783413923
.1526666666666667,1,.2166292099725632,256,8,4000,1,5,1,1000,.23757726006689625,sum_of_sum!,erase_clusters!,1,0,0,2,32640,0,3,.2013071316966834,.5368190178578224
.16000000000000003,1,.21673856462751115,256,8,4000,1,5,1,1000,.23757726006689625,sum_of_sum!,erase_clusters!,1,0,0,2,32640,1,3,.19956489845619285,.5321730625498476
.959,1,.2166644505092076,256,8,4000,1,6,1,1000,.23757726006689625,sum_of_sum!,erase_clusters!,1,0,0,2,32640,0,3,.009740667662742755,.03896267065097102
.9579999999999999,1,.21666154407319568,256,8,4000,1,6,1,1000,.23757726006689625,sum_of_sum!,erase_clusters!,1,0,0,2,32640,1,3,.009978244922809678,.03991297969123871
.39333333333333337,1,.26297850835890996,256,8,5000,1,5,1,1000,.2960943906384098,sum_of_sum!,erase_clusters!,1,0,0,2,32640,0,3,.17963059698730197,.4790149252994719
.40599999999999997,1,.2630615234375,256,8,5000,1,5,1,1000,.2960943906384098,sum_of_sum!,erase_clusters!,1,0,0,2,32640,1,3,.17588006803921546,.46901351477124126
.9993333333333334,1,.26295671008882066,256,8,5000,1,6,1,1000,.2960943906384098,sum_of_sum!,erase_clusters!,1,0,0,2,32640,0,3,.0001973962604255848,.0007895850417023392
.9966666666666666,1,.2630315508161272,256,8,5000,1,6,1,1000,.2960943906384098,sum_of_sum!,erase_clusters!,1,0,0,2,32640,1,3,.0009869813021280555,.003947925208512222
.6913333333333332,1,.30659902663457966,256,8,6000,1,5,1,1000,.35445321451292083,sum_of_sum!,erase_clusters!,1,0,0,2,32640,0,3,.10940789221298826,.2917543792346354
.7016666666666667,1,.30659176054454984,256,8,6000,1,5,1,1000,.35445321451292083,sum_of_sum!,erase_clusters!,1,0,0,2,32640,1,3,.10574520899635471,.28198722399027926
1,1,.30675615583147325,256,8,6000,1,6,1,1000,.35445321451292083,sum_of_sum!,erase_clusters!,1,0,0,2,32640,0,3,0,0
1,1,.3066457112630208,256,8,6000,1,6,1,1000,.35445321451292083,sum_of_sum!,erase_clusters!,1,0,0,2,32640,1,3,0,0
.91,1,.3477970304943267,256,8,7000,1,5,1,1000,.4126803905035064,sum_of_sum!,erase_clusters!,1,0,0,2,32640,0,3,.03714123514531557,.09904329372084152
.9116666666666667,1,.3476426260811942,256,8,7000,1,5,1,1000,.4126803905035064,sum_of_sum!,erase_clusters!,1,0,0,2,32640,1,3,.03645343449447637,.09720915865193698
1,1,.34776960100446425,256,8,7000,1,6,1,1000,.4126803905035064,sum_of_sum!,erase_clusters!,1,0,0,2,32640,0,3,0,0
1,1,.34755706787109375,256,8,7000,1,6,1,1000,.4126803905035064,sum_of_sum!,erase_clusters!,1,0,0,2,32640,1,3,0,0
.988,1,.38638396490187876,256,8,8000,1,5,1,1000,.4707948661159353,sum_of_sum!,erase_clusters!,1,0,0,2,32640,0,3,.005649538393391228,.015065435715709943
.9833333333333334,1,.3862061273484003,256,8,8000,1,5,1,1000,.4707948661159353,sum_of_sum!,erase_clusters!,1,0,0,2,32640,1,3,.007846581101932227,.02092421627181927
1,1,.38628532772972474,256,8,8000,1,6,1,1000,.4707948661159353,sum_of_sum!,erase_clusters!,1,0,0,2,32640,0,3,0,0
1,1,.3862664358956473,256,8,8000,1,6,1,1000,.4707948661159353,sum_of_sum!,erase_clusters!,1,0,0,2,32640,1,3,0,0
.9993333333333334,1,.4226630074637277,256,8,9000,1,5,1,1000,.5288108083882458,sum_of_sum!,erase_clusters!,1,0,0,2,32640,0,3,.0003525405389254584,.0009401081038012223
.9986666666666667,1,.42259743100120906,256,8,9000,1,5,1,1000,.5288108083882458,sum_of_sum!,erase_clusters!,1,0,0,2,32640,1,3,.0007050810778509754,.0018802162076026012
1,1,.42257672264462426,256,8,9000,1,6,1,1000,.5288108083882458,sum_of_sum!,erase_clusters!,1,0,0,2,32640,0,3,0,0
1,1,.42260251726422987,256,8,9000,1,6,1,1000,.5288108083882458,sum_of_sum!,erase_clusters!,1,0,0,2,32640,1,3,0,0
1,1,.45660836356026785,256,8,10000,1,5,1,1000,.5867392137544982,sum_of_sum!,erase_clusters!,1,0,0,2,32640,0,3,0,0
1,1,.4567894708542597,256,8,10000,1,5,1,1000,.5867392137544982,sum_of_sum!,erase_clusters!,1,0,0,2,32640,1,3,0,0
1,1,.45662925356910344,256,8,10000,1,6,1,1000,.5867392137544982,sum_of_sum!,erase_clusters!,1,0,0,2,32640,0,3,0,0
1,1,.45689228602818077,256,8,10000,1,6,1,1000,.5867392137544982,sum_of_sum!,erase_clusters!,1,0,0,2,32640,1,3,0,0
1,1,.48902420770554317,256,8,11000,1,5,1,1000,.6445888669189923,sum_of_sum!,erase_clusters!,1,0,0,2,32640,0,3,0,0
1,1,.48905181884765625,256,8,11000,1,5,1,1000,.6445888669189923,sum_of_sum!,erase_clusters!,1,0,0,2,32640,1,3,0,0
1,1,.48895263671875,256,8,11000,1,6,1,1000,.6445888669189923,sum_of_sum!,erase_clusters!,1,0,0,2,32640,0,3,0,0
1,1,.48894827706473215,256,8,11000,1,6,1,1000,.6445888669189923,sum_of_sum!,erase_clusters!,1,0,0,2,32640,1,3,0,0
1,1,.5194762093680245,256,8,12000,1,5,1,1000,.7023669479990559,sum_of_sum!,erase_clusters!,1,0,0,2,32640,0,3,0,0
1,1,.5192013695126488,256,8,12000,1,5,1,1000,.7023669479990559,sum_of_sum!,erase_clusters!,1,0,0,2,32640,1,3,0,0
1,1,.5192053658621653,256,8,12000,1,6,1,1000,.7023669479990559,sum_of_sum!,erase_clusters!,1,0,0,2,32640,0,3,0,0
1,1,.5191726684570311,256,8,12000,1,6,1,1000,.7023669479990559,sum_of_sum!,erase_clusters!,1,0,0,2,32640,1,3,0,0
1,1,.5478602818080357,256,8,13000,1,5,1,1000,.7600794358372717,sum_of_sum!,erase_clusters!,1,0,0,2,32640,0,3,0,0
1,1,.5478713625953312,256,8,13000,1,5,1,1000,.7600794358372717,sum_of_sum!,erase_clusters!,1,0,0,2,32640,1,3,0,0
1,1,.5476046970912388,256,8,13000,1,6,1,1000,.7600794358372717,sum_of_sum!,erase_clusters!,1,0,0,2,32640,0,3,0,0
1,1,.5477729070754279,256,8,13000,1,6,1,1000,.7600794358372717,sum_of_sum!,erase_clusters!,1,0,0,2,32640,1,3,0,0
1,1,.5745053972516742,256,8,14000,1,5,1,1000,.8177313864757628,sum_of_sum!,erase_clusters!,1,0,0,2,32640,0,3,0,0
1,1,.5743152073451451,256,8,14000,1,5,1,1000,.8177313864757628,sum_of_sum!,erase_clusters!,1,0,0,2,32640,1,3,0,0
1,1,.5744265601748513,256,8,14000,1,6,1,1000,.8177313864757628,sum_of_sum!,erase_clusters!,1,0,0,2,32640,0,3,0,0
1,1,.5746474493117559,256,8,14000,1,6,1,1000,.8177313864757628,sum_of_sum!,erase_clusters!,1,0,0,2,32640,1,3,0,0
1,1,.599706558954148,256,8,15000,1,5,1,1000,.8753271316631883,sum_of_sum!,erase_clusters!,1,0,0,2,32640,0,3,0,0
1,1,.5997003827776228,256,8,15000,1,5,1,1000,.8753271316631883,sum_of_sum!,erase_clusters!,1,0,0,2,32640,1,3,0,0
1,1,.5997043791271391,256,8,15000,1,6,1,1000,.8753271316631883,sum_of_sum!,erase_clusters!,1,0,0,2,32640,0,3,0,0
1,1,.5997141883486793,256,8,15000,1,6,1,1000,.8753271316631883,sum_of_sum!,erase_clusters!,1,0,0,2,32640,1,3,0,0
0,1,.00608553205217634,256,8,100,1,5,1,1000,.006229453566692688,sum_of_sum!,erase_clusters!,1,0,0,2,32640,0,3,.006229453566692688,.01661187617784717
0,1,.006083897181919644,256,8,100,1,5,1,1000,.006229453566692688,sum_of_sum!,erase_clusters!,1,0,0,2,32640,1,3,.006229453566692688,.01661187617784717
0,1,.006084442138671875,256,8,100,1,6,1,1000,.006229453566692688,sum_of_sum!,erase_clusters!,1,0,0,2,32640,0,3,.006229453566692688,.02491781426677075
0,1,.006087166922433035,256,8,100,1,6,1,1000,.006229453566692688,sum_of_sum!,erase_clusters!,1,0,0,2,32640,1,3,.006229453566692688,.02491781426677075
0,1,.015146346319289433,256,8,250,1,5,1,1000,.015393535506413156,sum_of_sum!,erase_clusters!,1,0,0,2,32640,0,3,.015393535506413156,.04104942801710175
0,1,.015148344494047618,256,8,250,1,5,1,1000,.015393535506413156,sum_of_sum!,erase_clusters!,1,0,0,2,32640,1,3,.015393535506413156,.04104942801710175
.0006666666666666673,1,.015144893101283481,256,8,250,1,6,1,1000,.015393535506413156,sum_of_sum!,erase_clusters!,1,0,0,2,32640,0,3,.01538327314940888,.06153309259763552
0,1,.015148889450799853,256,8,250,1,6,1,1000,.015393535506413156,sum_of_sum!,erase_clusters!,1,0,0,2,32640,1,3,.015393535506413156,.061574142025652624
0,1,.030061449323381697,256,8,500,1,5,1,1000,.030514592636710244,sum_of_sum!,erase_clusters!,1,0,0,2,32640,0,3,.030514592636710244,.08137224703122732
0,1,.03005563645135789,256,8,500,1,5,1,1000,.030514592636710244,sum_of_sum!,erase_clusters!,1,0,0,2,32640,1,3,.030514592636710244,.08137224703122732
.003333333333333336,1,.030067807152157736,256,8,500,1,6,1,1000,.030514592636710244,sum_of_sum!,erase_clusters!,1,0,0,2,32640,0,3,.03041287732792121,.12165150931168484
.0013333333333333346,1,.030037289574032736,256,8,500,1,6,1,1000,.030514592636710244,sum_of_sum!,erase_clusters!,1,0,0,2,32640,1,3,.03047390651319463,.12189562605277852
