errorrate,iterations,density,l,c,m,gamma,erasures,maxiterations,tests,efficiency,fsum,fcorrupt,pcons,pdes,degree,activities,alphabetsize,winners,poolsize,efficacy,refficacy,retrievedproportion,eta
0,1,.00038125779893663194,512,4,100,1,1,1,1000,.0019299916464630938,sum_of_sum!,erase_clusters!,0,0,0,1,512,0,3,.0019299916464630938,.002573322195284125,100,.0019299916464630938
0,1,.0015250311957465278,512,4,100,1,1,1,1000,.003963779559706101,sum_of_sum!,erase_clusters!,0,0,0,2,130816,0,3,.003963779559706101,.0052850394129414675,100,.003963779559706101
.008666666666666675,1,.010308159722222224,512,4,100,1,1,1,1000,.0019299916464630938,sum_of_sum!,erase_clusters!,.01,0,0,1,512,0,3,.0019132650521937469,.0025510200695916625,99.13333333333333,.0019132650521937469
0,1,.011528333028157553,512,4,100,1,1,1,1000,.003963779559706101,sum_of_sum!,erase_clusters!,.01,0,0,2,130816,0,3,.003963779559706101,.0052850394129414675,100,.003963779559706101
.05466666666666672,1,.02035077412923177,512,4,100,1,1,1,1000,.0019299916464630938,sum_of_sum!,erase_clusters!,.02,0,0,1,512,0,3,.0018244854364564446,.002432647248608593,94.53333333333333,.0018244854364564446
0,1,.021506415473090276,512,4,100,1,1,1,1000,.003963779559706101,sum_of_sum!,erase_clusters!,.02,0,0,2,130816,0,3,.003963779559706101,.0052850394129414675,100,.003963779559706101
.17733333333333332,1,.030428780449761283,512,4,100,1,1,1,1000,.0019299916464630938,sum_of_sum!,erase_clusters!,.03,0,0,1,512,0,3,.0015877397944903053,.00211698639265374,82.26666666666667,.0015877397944903053
.0043333333333333375,1,.03142706553141276,512,4,100,1,1,1,1000,.003963779559706101,sum_of_sum!,erase_clusters!,.03,0,0,2,130816,0,3,.003946603181614041,.005262137575485389,99.56666666666666,.003946603181614041
0,1,.0003814697265625,512,4,100,1,1,4,1000,.0019299916464630938,sum_of_sum!,erase_clusters!,0,0,0,1,512,0,3,.0019299916464630938,.002573322195284125,100,.0019299916464630938
0,1,.0015233357747395833,512,4,100,1,1,4,1000,.003963779559706101,sum_of_sum!,erase_clusters!,0,0,0,2,130816,0,3,.003963779559706101,.0052850394129414675,100,.003963779559706101
.006666666666666672,1.0199999999999998,.01037226782904731,512,4,100,1,1,4,1000,.0019299916464630938,sum_of_sum!,erase_clusters!,.01,0,0,1,512,0,3,.001917125035486673,.002556166713982231,99.33333333333333,.001917125035486673
0,1,.01143720414903429,512,4,100,1,1,4,1000,.003963779559706101,sum_of_sum!,erase_clusters!,.01,0,0,2,130816,0,3,.003963779559706101,.0052850394129414675,100,.003963779559706101
.06333333333333335,1.19,.020381503634982635,512,4,100,1,1,4,1000,.0019299916464630938,sum_of_sum!,erase_clusters!,.02,0,0,1,512,0,3,.0018077588421870979,.0024103451229161303,93.66666666666667,.0018077588421870979
0,1.0003333333333333,.021473460727267798,512,4,100,1,1,4,1000,.003963779559706101,sum_of_sum!,erase_clusters!,.02,0,0,2,130816,0,3,.003963779559706101,.0052850394129414675,100,.003963779559706101
.12366666666666666,1.3710000000000002,.03033585018581814,512,4,100,1,1,4,1000,.0019299916464630938,sum_of_sum!,erase_clusters!,.03,0,0,1,512,0,3,.001691316012850491,.002255088017133988,87.63333333333333,.001691316012850491
0,1.0013333333333332,.03149965074327257,512,4,100,1,1,4,1000,.003963779559706101,sum_of_sum!,erase_clusters!,.03,0,0,2,130816,0,3,.003963779559706101,.0052850394129414675,100,.003963779559706101
.001666666666666668,1,.00038125779893663194,512,4,100,1,2,1,1000,.0019299916464630938,sum_of_sum!,erase_clusters!,0,0,0,1,512,0,3,.0019267749937189886,.0038535499874379773,99.83333333333333,.0019267749937189886
0,1,.0015248192681206597,512,4,100,1,2,1,1000,.003963779559706101,sum_of_sum!,erase_clusters!,0,0,0,2,130816,0,3,.003963779559706101,.007927559119412201,100,.003963779559706101
.1456666666666667,1,.010380850897894965,512,4,100,1,2,1,1000,.0019299916464630938,sum_of_sum!,erase_clusters!,.01,0,0,1,512,0,3,.001648856196628303,.003297712393256606,85.43333333333332,.001648856196628303
.008000000000000007,1,.011461363898383247,512,4,100,1,2,1,1000,.003963779559706101,sum_of_sum!,erase_clusters!,.01,0,0,2,130816,0,3,.003932069323228452,.007864138646456903,99.2,.003932069323228452
.3973333333333333,1,.020339224073621962,512,4,100,1,2,1,1000,.0019299916464630938,sum_of_sum!,erase_clusters!,.02,0,0,1,512,0,3,.0011631416322684246,.002326283264536849,60.266666666666666,.0011631416322684246
.041000000000000036,1,.021487341986762155,512,4,100,1,2,1,1000,.003963779559706101,sum_of_sum!,erase_clusters!,.02,0,0,2,130816,0,3,.00380126459775815,.0076025291955163,95.89999999999999,.00380126459775815
.6789999999999999,1,.030347188313802082,512,4,100,1,2,1,1000,.0019299916464630938,sum_of_sum!,erase_clusters!,.03,0,0,1,512,0,3,.0006195273185146533,.0012390546370293065,32.10000000000001,.0006195273185146533
.12533333333333332,1,.03142865498860677,512,4,100,1,2,1,1000,.003963779559706101,sum_of_sum!,erase_clusters!,.03,0,0,2,130816,0,3,.003466985854889603,.006933971709779206,87.46666666666667,.003466985854889603
.0006666666666666673,1.002,.00038125779893663194,512,4,100,1,2,4,1000,.0019299916464630938,sum_of_sum!,erase_clusters!,0,0,0,1,512,0,3,.0019287049853654516,.0038574099707309032,99.93333333333332,.0019287049853654516
0,1,.0015248192681206597,512,4,100,1,2,4,1000,.003963779559706101,sum_of_sum!,erase_clusters!,0,0,0,2,130816,0,3,.003963779559706101,.007927559119412201,100,.003963779559706101
.01466666666666668,1.1609999999999998,.010354995727539062,512,4,100,1,2,4,1000,.0019299916464630938,sum_of_sum!,erase_clusters!,.01,0,0,1,512,0,3,.0019016851023149683,.0038033702046299366,98.53333333333333,.0019016851023149683
0,1.006,.011474079555935329,512,4,100,1,2,4,1000,.003963779559706101,sum_of_sum!,erase_clusters!,.01,0,0,2,130816,0,3,.003963779559706101,.007927559119412201,100,.003963779559706101
.073,1.5923333333333334,.020357449849446613,512,4,100,1,2,4,1000,.0019299916464630938,sum_of_sum!,erase_clusters!,.02,0,0,1,512,0,3,.0017891022562712881,.0035782045125425763,92.7,.0017891022562712881
0,1.0520000000000003,.02141910129123264,512,4,100,1,2,4,1000,.003963779559706101,sum_of_sum!,erase_clusters!,.02,0,0,2,130816,0,3,.003963779559706101,.007927559119412201,100,.003963779559706101
.19400000000000003,2.130333333333333,.030441390143500432,512,4,100,1,2,4,1000,.0019299916464630938,sum_of_sum!,erase_clusters!,.03,0,0,1,512,0,3,.0015555732670492536,.003111146534098507,80.6,.0015555732670492536
.00033333333333333365,1.1376666666666668,.031415197584364146,512,4,100,1,2,4,1000,.003963779559706101,sum_of_sum!,erase_clusters!,.03,0,0,2,130816,0,3,.003962458299852865,.00792491659970573,99.96666666666667,.003962458299852865
0,1,.000953462388780382,512,4,250,1,1,1,1000,.004614864304119414,sum_of_sum!,erase_clusters!,0,0,0,1,512,0,3,.004614864304119414,.006153152405492552,250,.004614864304119414
0,1,.003806220160590278,512,4,250,1,1,1,1000,.009699334087226931,sum_of_sum!,erase_clusters!,0,0,0,2,130816,0,3,.009699334087226931,.012932445449635907,250,.009699334087226931
.007666666666666673,1,.01095634036593967,512,4,250,1,1,1,1000,.004614864304119414,sum_of_sum!,erase_clusters!,.01,0,0,1,512,0,3,.004579483677787832,.006105978237050442,248.08333333333331,.004579483677787832
0,1,.013751029968261719,512,4,250,1,1,1,1000,.009699334087226931,sum_of_sum!,erase_clusters!,.01,0,0,2,130816,0,3,.009699334087226931,.012932445449635907,250,.009699334087226931
.05233333333333338,1,.02091895209418403,512,4,250,1,1,1,1000,.004614864304119414,sum_of_sum!,erase_clusters!,.02,0,0,1,512,0,3,.004373353072203831,.0058311374296051086,236.91666666666666,.004373353072203831
0,1,.023670938279893663,512,4,250,1,1,1,1000,.009699334087226931,sum_of_sum!,erase_clusters!,.02,0,0,2,130816,0,3,.009699334087226931,.012932445449635907,250,.009699334087226931
.13733333333333334,1,.030866199069552947,512,4,250,1,1,1,1000,.004614864304119414,sum_of_sum!,erase_clusters!,.03,0,0,1,512,0,3,.003981089606353682,.005308119475138242,215.66666666666669,.003981089606353682
.00366666666666667,1,.03358342912462023,512,4,250,1,1,1,1000,.009699334087226931,sum_of_sum!,erase_clusters!,.03,0,0,2,130816,0,3,.009663769862240431,.012885026482987241,249.08333333333331,.009663769862240431
0,1,.000953462388780382,512,4,250,1,1,4,1000,.004614864304119414,sum_of_sum!,erase_clusters!,0,0,0,1,512,0,3,.004614864304119414,.006153152405492552,250,.004614864304119414
0,1,.0038057963053385415,512,4,250,1,1,4,1000,.009699334087226931,sum_of_sum!,erase_clusters!,0,0,0,2,130816,0,3,.009699334087226931,.012932445449635907,250,.009699334087226931
.011666666666666678,1.035,.010912895202636719,512,4,250,1,1,4,1000,.004614864304119414,sum_of_sum!,erase_clusters!,.01,0,0,1,512,0,3,.004561024220571354,.006081365627428472,247.08333333333331,.004561024220571354
0,1,.013813548617892794,512,4,250,1,1,4,1000,.009699334087226931,sum_of_sum!,erase_clusters!,.01,0,0,2,130816,0,3,.009699334087226931,.012932445449635907,250,.009699334087226931
.052000000000000046,1.156,.02086236741807726,512,4,250,1,1,4,1000,.004614864304119414,sum_of_sum!,erase_clusters!,.02,0,0,1,512,0,3,.004374891360305205,.0058331884804069395,237,.004374891360305205
.0006666666666666673,1.002,.023640738593207464,512,4,250,1,1,4,1000,.009699334087226931,sum_of_sum!,erase_clusters!,.02,0,0,2,130816,0,3,.009692867864502113,.01292382381933615,249.83333333333331,.009692867864502113
.1496666666666667,1.449,.030887921651204426,512,4,250,1,1,4,1000,.004614864304119414,sum_of_sum!,erase_clusters!,.03,0,0,1,512,0,3,.003924172946602875,.0052322305954705,212.58333333333331,.003924172946602875
.0020000000000000018,1.0090000000000001,.03363651699490017,512,4,250,1,1,4,1000,.009699334087226931,sum_of_sum!,erase_clusters!,.03,0,0,2,130816,0,3,.009679935419052477,.012906580558736636,249.5,.009679935419052477
0,1,.000953462388780382,512,4,250,1,2,1,1000,.004614864304119414,sum_of_sum!,erase_clusters!,0,0,0,1,512,0,3,.004614864304119414,.009229728608238829,250,.004614864304119414
0,1,.0038087632921006945,512,4,250,1,2,1,1000,.009699334087226931,sum_of_sum!,erase_clusters!,0,0,0,2,130816,0,3,.009699334087226931,.019398668174453862,250,.009699334087226931
.1546666666666667,1,.010974566141764322,512,4,250,1,2,1,1000,.004614864304119414,sum_of_sum!,erase_clusters!,.01,0,0,1,512,0,3,.003901098625082278,.007802197250164556,211.33333333333331,.003901098625082278
.010000000000000009,1,.013695504930284286,512,4,250,1,2,1,1000,.009699334087226931,sum_of_sum!,erase_clusters!,.01,0,0,2,130816,0,3,.009602340746354661,.019204681492709322,247.5,.009602340746354661
.43566666666666665,1,.020877838134765625,512,4,250,1,2,1,1000,.004614864304119414,sum_of_sum!,erase_clusters!,.02,0,0,1,512,0,3,.002604321755624723,.005208643511249446,141.08333333333334,.002604321755624723
.05500000000000005,1,.023598247104220923,512,4,250,1,2,1,1000,.009699334087226931,sum_of_sum!,erase_clusters!,.02,0,0,2,130816,0,3,.00916587071242945,.0183317414248589,236.25,.00916587071242945
.691,1,.030964215596516926,512,4,250,1,2,1,1000,.004614864304119414,sum_of_sum!,erase_clusters!,.03,0,0,1,512,0,3,.0014259930699728992,.0028519861399457984,77.25000000000001,.0014259930699728992
.15600000000000003,1,.033656332227918834,512,4,250,1,2,1,1000,.009699334087226931,sum_of_sum!,erase_clusters!,.03,0,0,2,130816,0,3,.00818623796961953,.01637247593923906,211,.00818623796961953
.0010000000000000009,1.003,.000953462388780382,512,4,250,1,2,4,1000,.004614864304119414,sum_of_sum!,erase_clusters!,0,0,0,1,512,0,3,.004610249439815295,.00922049887963059,249.75,.004610249439815295
0,1,.0038081275092230905,512,4,250,1,2,4,1000,.009699334087226931,sum_of_sum!,erase_clusters!,0,0,0,2,130816,0,3,.009699334087226931,.019398668174453862,250,.009699334087226931
.0040000000000000036,1.1516666666666666,.010877821180555558,512,4,250,1,2,4,1000,.004614864304119414,sum_of_sum!,erase_clusters!,.01,0,0,1,512,0,3,.004596404846902937,.009192809693805874,249,.004596404846902937
0,1.008,.013703558180067276,512,4,250,1,2,4,1000,.009699334087226931,sum_of_sum!,erase_clusters!,.01,0,0,2,130816,0,3,.009699334087226931,.019398668174453862,250,.009699334087226931
.07799999999999996,1.6256666666666666,.02094374762641059,512,4,250,1,2,4,1000,.004614864304119414,sum_of_sum!,erase_clusters!,.02,0,0,1,512,0,3,.0042549048883981,.0085098097767962,230.5,.0042549048883981
.00033333333333333365,1.0533333333333335,.023758570353190105,512,4,250,1,2,4,1000,.009699334087226931,sum_of_sum!,erase_clusters!,.02,0,0,2,130816,0,3,.009696100975864522,.019392201951729044,249.91666666666669,.009696100975864522
.19233333333333333,2.127666666666667,.0308535893758138,512,4,250,1,2,4,1000,.004614864304119414,sum_of_sum!,erase_clusters!,.03,0,0,1,512,0,3,.0037272720696271133,.007454544139254227,201.91666666666666,.0037272720696271133
.0010000000000000009,1.138,.03355333540174696,512,4,250,1,2,4,1000,.009699334087226931,sum_of_sum!,erase_clusters!,.03,0,0,2,130816,0,3,.009689634753139704,.01937926950627941,249.75,.009689634753139704
0,1,.0019060770670572917,512,4,500,1,1,1,1000,.008911837169436746,sum_of_sum!,erase_clusters!,0,0,0,1,512,0,3,.008911837169436746,.011882449559248996,500,.008911837169436746
0,1,.007597817314995659,512,4,500,1,1,1,1000,.01908077673565178,sum_of_sum!,erase_clusters!,0,0,0,2,130816,0,3,.01908077673565178,.025441035647535706,500,.01908077673565178
.011666666666666678,1,.01186529795328776,512,4,500,1,1,1,1000,.008911837169436746,sum_of_sum!,erase_clusters!,.01,0,0,1,512,0,3,.008807865735793317,.011743820981057756,494.16666666666663,.008807865735793317
.00033333333333333365,1,.017423629760742188,512,4,500,1,1,1,1000,.01908077673565178,sum_of_sum!,erase_clusters!,.01,0,0,2,130816,0,3,.019074416476739898,.025432555302319863,499.83333333333337,.019074416476739898
.06333333333333331,1,.021800253126356337,512,4,500,1,1,1,1000,.008911837169436746,sum_of_sum!,erase_clusters!,.02,0,0,1,512,0,3,.008347420815372418,.011129894420496557,468.3333333333333,.008347420815372418
.0020000000000000018,1,.02726925743950738,512,4,500,1,1,1,1000,.01908077673565178,sum_of_sum!,erase_clusters!,.02,0,0,2,130816,0,3,.019042615182180478,.025390153576240637,499,.019042615182180478
.15233333333333335,1,.03174908955891927,512,4,500,1,1,1,1000,.008911837169436746,sum_of_sum!,erase_clusters!,.03,0,0,1,512,0,3,.007554267307292549,.010072356409723399,423.8333333333333,.007554267307292549
.006000000000000005,1,.018910725911458332,512,4,5000,1,1,1,1000,.07855824667755938,sum_of_sum!,erase_clusters!,0,0,0,1,512,0,1,.07808689719749402,.10411586292999203,4970,.07808689719749402
0,1,.07349332173665364,512,4,5000,1,1,1,1000,.18024764233970972,sum_of_sum!,erase_clusters!,0,0,0,2,130816,0,1,.18024764233970972,.24033018978627962,5e3,.18024764233970972
.04700000000000004,1,.028519312540690105,512,4,5000,1,1,1,1000,.07855824667755938,sum_of_sum!,erase_clusters!,.01,0,0,1,512,0,1,.07486600908371409,.09982134544495212,4765,.07486600908371409
.017000000000000015,1,.08201662699381511,512,4,5000,1,1,1,1000,.18024764233970972,sum_of_sum!,erase_clusters!,.01,0,0,2,130816,0,1,.17718343241993464,.23624457655991285,4915,.17718343241993464
.16800000000000004,1,.03814506530761719,512,4,5000,1,1,1,1000,.07855824667755938,sum_of_sum!,erase_clusters!,.02,0,0,1,512,0,1,.0653604612357294,.0871472816476392,4160,.0653604612357294
.03300000000000003,1,.0904696782430013,512,4,5000,1,1,1,1000,.18024764233970972,sum_of_sum!,erase_clusters!,.02,0,0,2,130816,0,1,.1742994701424993,.2323992935233324,4835,.1742994701424993
.271,1,.0477288564046224,512,4,5000,1,1,1,1000,.07855824667755938,sum_of_sum!,erase_clusters!,.03,0,0,1,512,0,1,.057268961827940786,.07635861577058771,3645,.057268961827940786
.07499999999999996,1,.09909470876057942,512,4,5000,1,1,1,1000,.18024764233970972,sum_of_sum!,erase_clusters!,.03,0,0,2,130816,0,1,.1667290691642315,.22230542555230867,4625,.1667290691642315
.31100000000000005,1,.018897374471028645,512,4,5000,1,2,1,1000,.07855824667755938,sum_of_sum!,erase_clusters!,0,0,0,1,512,0,1,.05412663196083841,.10825326392167682,3444.9999999999995,.05412663196083841
.026000000000000023,1,.07347997029622395,512,4,5000,1,2,1,1000,.18024764233970972,sum_of_sum!,erase_clusters!,0,0,0,2,130816,0,1,.17556120363887726,.3511224072777545,4870,.17556120363887726
.599,1,.028563181559244793,512,4,5000,1,2,1,1000,.07855824667755938,sum_of_sum!,erase_clusters!,.01,0,0,1,512,0,1,.03150185691770131,.06300371383540262,2005.0000000000002,.03150185691770131
.22899999999999998,1,.08202489217122395,512,4,5000,1,2,1,1000,.18024764233970972,sum_of_sum!,erase_clusters!,.01,0,0,2,130816,0,1,.13897093224391618,.27794186448783237,3855,.13897093224391618
.771,1,.03817621866861979,512,4,5000,1,2,1,1000,.07855824667755938,sum_of_sum!,erase_clusters!,.02,0,0,1,512,0,1,.017989838489161098,.035979676978322196,1145,.017989838489161098
.359,1,.09047508239746094,512,4,5000,1,2,1,1000,.18024764233970972,sum_of_sum!,erase_clusters!,.02,0,0,2,130816,0,1,.11553873873975393,.23107747747950785,3205,.11553873873975393
.915,1,.04778703053792318,512,4,5000,1,2,1,1000,.07855824667755938,sum_of_sum!,erase_clusters!,.03,0,0,1,512,0,1,.006677450967592545,.01335490193518509,424.99999999999983,.006677450967592545
.519,1,.09893258412679036,512,4,5000,1,2,1,1000,.18024764233970972,sum_of_sum!,erase_clusters!,.03,0,0,2,130816,0,1,.08669911596540038,.17339823193080076,2405,.08669911596540038
.018000000000000016,1,.026367823282877605,512,4,7000,1,1,1,1000,.10782116289327125,sum_of_sum!,erase_clusters!,0,0,0,1,512,0,1,.10588038196119236,.14117384261492313,6874,.10588038196119236
0,1,.10133997599283855,512,4,7000,1,1,1,1000,.2501863168202817,sum_of_sum!,erase_clusters!,0,0,0,2,130816,0,1,.2501863168202817,.3335817557603756,7e3,.2501863168202817
.07499999999999996,1,.035721778869628906,512,4,7000,1,1,1,1000,.10782116289327125,sum_of_sum!,erase_clusters!,.01,0,0,1,512,0,1,.0997345756762759,.13297943423503453,6475,.0997345756762759
.03400000000000003,1,.1093149185180664,512,4,7000,1,1,1,1000,.2501863168202817,sum_of_sum!,erase_clusters!,.01,0,0,2,130816,0,1,.2416799820483921,.3222399760645228,6762,.2416799820483921
.17200000000000004,1,.0453179677327474,512,4,7000,1,1,1,1000,.10782116289327125,sum_of_sum!,erase_clusters!,.02,0,0,1,512,0,1,.08927592287562859,.11903456383417145,5796,.08927592287562859
.06999999999999995,1,.11713759104410808,512,4,7000,1,1,1,1000,.2501863168202817,sum_of_sum!,erase_clusters!,.02,0,0,2,130816,0,1,.232673274642862,.3102310328571493,6510,.232673274642862
.271,1,.054755210876464844,512,4,7000,1,1,1,1000,.10782116289327125,sum_of_sum!,erase_clusters!,.03,0,0,1,512,0,1,.07860162774919474,.10480217033225965,5103,.07860162774919474
.139,1,.12519391377766928,512,4,7000,1,1,1,1000,.2501863168202817,sum_of_sum!,erase_clusters!,.03,0,0,2,130816,0,1,.21541041878226252,.28721389170968337,6027,.21541041878226252
.515,1,.026326497395833332,512,4,7000,1,2,1,1000,.10782116289327125,sum_of_sum!,erase_clusters!,0,0,0,1,512,0,1,.052293264003236556,.10458652800647311,3395,.052293264003236556
.136,1,.1012725830078125,512,4,7000,1,2,1,1000,.2501863168202817,sum_of_sum!,erase_clusters!,0,0,0,2,130816,0,1,.21616097773272339,.43232195546544677,6048,.21616097773272339
.729,1,.03583081563313802,512,4,7000,1,2,1,1000,.10782116289327125,sum_of_sum!,erase_clusters!,.01,0,0,1,512,0,1,.02921953514407651,.05843907028815302,1897.0000000000002,.02921953514407651
.31299999999999994,1,.10925229390462239,512,4,7000,1,2,1,1000,.2501863168202817,sum_of_sum!,erase_clusters!,.01,0,0,2,130816,0,1,.17187799965553355,.3437559993110671,4809,.17187799965553355
.893,1,.04520416259765625,512,4,7000,1,2,1,1000,.10782116289327125,sum_of_sum!,erase_clusters!,.02,0,0,1,512,0,1,.011536864429580022,.023073728859160043,748.9999999999999,.011536864429580022
.46499999999999997,1,.117340087890625,512,4,7000,1,2,1,1000,.2501863168202817,sum_of_sum!,erase_clusters!,.02,0,0,2,130816,0,1,.1338496794988507,.2676993589977014,3745,.1338496794988507
.958,1,.054761250813802086,512,4,7000,1,2,1,1000,.10782116289327125,sum_of_sum!,erase_clusters!,.03,0,0,1,512,0,1,.004528488841517396,.009056977683034793,294.0000000000003,.004528488841517396
.629,1,.12546507517496744,512,4,7000,1,2,1,1000,.2501863168202817,sum_of_sum!,erase_clusters!,.03,0,0,2,130816,0,1,.09281912354032451,.18563824708064902,2597,.09281912354032451
.017000000000000015,1,.03373273213704427,512,4,9000,1,1,1,1000,.13655256679856645,sum_of_sum!,erase_clusters!,0,0,0,1,512,0,1,.13423117316299082,.17897489755065443,8847,.13423117316299082
.0040000000000000036,1,.1282812754313151,512,4,9000,1,1,1,1000,.31959347899043705,sum_of_sum!,erase_clusters!,0,0,0,2,130816,0,1,.3183151050744753,.4244201400993004,8964,.3183151050744753
.10499999999999998,1,.04308923085530599,512,4,9000,1,1,1,1000,.13655256679856645,sum_of_sum!,erase_clusters!,.01,0,0,1,512,0,1,.12221454728471698,.16295272971295596,8055,.12221454728471698
.05800000000000005,1,.1356347401936849,512,4,9000,1,1,1,1000,.31959347899043705,sum_of_sum!,erase_clusters!,.01,0,0,2,130816,0,1,.3010570572089917,.4014094096119889,8478,.3010570572089917
.18999999999999995,1,.05244890848795573,512,4,9000,1,1,1,1000,.13655256679856645,sum_of_sum!,erase_clusters!,.02,0,0,1,512,0,1,.11060757910683883,.14747677214245178,7290.000000000001,.11060757910683883
.15000000000000002,1,.14317607879638672,512,4,9000,1,1,1,1000,.31959347899043705,sum_of_sum!,erase_clusters!,.02,0,0,2,130816,0,1,.2716544571418715,.36220594285582863,7650,.2716544571418715
.30600000000000005,1,.06159210205078125,512,4,9000,1,1,1,1000,.13655256679856645,sum_of_sum!,erase_clusters!,.03,0,0,1,512,0,1,.0947674813582051,.12635664181094014,6246,.0947674813582051
.26,1,.1506840387980143,512,4,9000,1,1,1,1000,.31959347899043705,sum_of_sum!,erase_clusters!,.03,0,0,2,130816,0,1,.23649917445292343,.3153322326038979,6660,.23649917445292343
.6599999999999999,1,.033704121907552086,512,4,9000,1,2,1,1000,.13655256679856645,sum_of_sum!,erase_clusters!,0,0,0,1,512,0,1,.0464278727115126,.0928557454230252,3060.000000000001,.0464278727115126
.272,1,.12838363647460938,512,4,9000,1,2,1,1000,.31959347899043705,sum_of_sum!,erase_clusters!,0,0,0,2,130816,0,1,.23266405270503818,.46532810541007635,6552,.23266405270503818
.861,1,.043070475260416664,512,4,9000,1,2,1,1000,.13655256679856645,sum_of_sum!,erase_clusters!,.01,0,0,1,512,0,1,.018980806785000737,.037961613570001475,1251,.018980806785000737
.474,1,.13579845428466797,512,4,9000,1,2,1,1000,.31959347899043705,sum_of_sum!,erase_clusters!,.01,0,0,2,130816,0,1,.1681061699489699,.3362123398979398,4734,.1681061699489699
.949,1,.052459398905436196,512,4,9000,1,2,1,1000,.13655256679856645,sum_of_sum!,erase_clusters!,.02,0,0,1,512,0,1,.006964180906726895,.01392836181345379,459.0000000000004,.006964180906726895
.628,1,.1432650883992513,512,4,9000,1,2,1,1000,.31959347899043705,sum_of_sum!,erase_clusters!,.02,0,0,2,130816,0,1,.11888877418444259,.23777754836888518,3348,.11888877418444259
.981,1,.06165440877278646,512,4,9000,1,2,1,1000,.13655256679856645,sum_of_sum!,erase_clusters!,.03,0,0,1,512,0,1,.0025944987691727647,.0051889975383455295,171.00000000000014,.0025944987691727647
.746,1,.15081405639648438,512,4,9000,1,2,1,1000,.31959347899043705,sum_of_sum!,erase_clusters!,.03,0,0,2,130816,0,1,.08117674366357101,.16235348732714203,2286,.08117674366357101
.03500000000000003,1,.041102091471354164,512,4,11000,1,1,1,1000,.1648728847908699,sum_of_sum!,erase_clusters!,0,0,0,1,512,0,1,.15910233382318945,.21213644509758592,10615,.15910233382318945
.009000000000000008,1,.15449905395507812,512,4,11000,1,1,1,1000,.3885895552476006,sum_of_sum!,erase_clusters!,0,0,0,2,130816,0,1,.38509224925037217,.5134563323338296,10901,.38509224925037217
.14200000000000002,1,.05032507578531901,512,4,11000,1,1,1,1000,.1648728847908699,sum_of_sum!,erase_clusters!,.01,0,0,1,512,0,1,.14146093515056637,.18861458020075517,9438,.14146093515056637
.10699999999999998,1,.16140143076578775,512,4,11000,1,1,1,1000,.3885895552476006,sum_of_sum!,erase_clusters!,.01,0,0,2,130816,0,1,.3470104728361073,.46268063044814306,9823,.3470104728361073
.253,1,.059631665547688804,512,4,11000,1,1,1,1000,.1648728847908699,sum_of_sum!,erase_clusters!,.02,0,0,1,512,0,1,.12316004493877981,.16421339325170642,8217,.12316004493877981
.255,1,.1682891845703125,512,4,11000,1,1,1,1000,.3885895552476006,sum_of_sum!,erase_clusters!,.02,0,0,2,130816,0,1,.28949921865946243,.3859989582126166,8195,.28949921865946243
.364,1,.06876818339029948,512,4,11000,1,1,1,1000,.1648728847908699,sum_of_sum!,erase_clusters!,.03,0,0,1,512,0,1,.10485915472699325,.13981220630265767,6996,.10485915472699325
.349,1,.17535718282063803,512,4,11000,1,1,1,1000,.3885895552476006,sum_of_sum!,erase_clusters!,.03,0,0,2,130816,0,1,.252971800466188,.33729573395491735,7161,.252971800466188
.8220000000000001,1,.04108874003092448,512,4,11000,1,2,1,1000,.1648728847908699,sum_of_sum!,erase_clusters!,0,0,0,1,512,0,1,.02934737349277483,.05869474698554966,1957.9999999999993,.02934737349277483
.469,1,.15460968017578125,512,4,11000,1,2,1,1000,.3885895552476006,sum_of_sum!,erase_clusters!,0,0,0,2,130816,0,1,.2063410538364759,.4126821076729518,5841,.2063410538364759
.931,1,.05028947194417318,512,4,11000,1,2,1,1000,.1648728847908699,sum_of_sum!,erase_clusters!,.01,0,0,1,512,0,1,.011376229050570015,.02275245810114003,758.9999999999994,.011376229050570015
.643,1,.16140969594319662,512,4,11000,1,2,1,1000,.3885895552476006,sum_of_sum!,erase_clusters!,.01,0,0,2,130816,0,1,.1387264712233934,.2774529424467868,3927,.1387264712233934
.979,1,.05936845143636068,512,4,11000,1,2,1,1000,.1648728847908699,sum_of_sum!,erase_clusters!,.02,0,0,1,512,0,1,.0034623305806082707,.006924661161216541,231.0000000000002,.0034623305806082707
.745,1,.168243408203125,512,4,11000,1,2,1,1000,.3885895552476006,sum_of_sum!,erase_clusters!,.02,0,0,2,130816,0,1,.09909033658813815,.1981806731762763,2805,.09909033658813815
.997,1,.0688180923461914,512,4,11000,1,2,1,1000,.1648728847908699,sum_of_sum!,erase_clusters!,.03,0,0,1,512,0,1,.0004946186543726101,.0009892373087452202,33.00000000000003,.0004946186543726101
.8200000000000001,1,.17530441284179688,512,4,11000,1,2,1,1000,.3885895552476006,sum_of_sum!,erase_clusters!,.03,0,0,2,130816,0,1,.06994611994456808,.13989223988913616,1979.9999999999993,.06994611994456808
.062000000000000055,1,.04837226867675781,512,4,13000,1,1,1,1000,.19285779823529478,sum_of_sum!,erase_clusters!,0,0,0,1,512,0,1,.1809006147447065,.24120081965960868,12194,.1809006147447065
.019000000000000017,1,.1799170176188151,512,4,13000,1,1,1,1000,.45725022695688566,sum_of_sum!,erase_clusters!,0,0,0,2,130816,0,1,.44856247264470483,.5980832968596065,12753,.44856247264470483
.15800000000000003,1,.05741723378499349,512,4,13000,1,1,1,1000,.19285779823529478,sum_of_sum!,erase_clusters!,.01,0,0,1,512,0,1,.1623862661141182,.21651502148549093,10946,.1623862661141182
.17600000000000005,1,.18610095977783203,512,4,13000,1,1,1,1000,.45725022695688566,sum_of_sum!,erase_clusters!,.01,0,0,2,130816,0,1,.3767741870124738,.5023655826832983,10712,.3767741870124738
.29300000000000004,1,.06634807586669922,512,4,13000,1,1,1,1000,.19285779823529478,sum_of_sum!,erase_clusters!,.02,0,0,1,512,0,1,.1363504633523534,.18180061780313786,9191,.1363504633523534
.33999999999999997,1,.19271278381347656,512,4,13000,1,1,1,1000,.45725022695688566,sum_of_sum!,erase_clusters!,.02,0,0,2,130816,0,1,.3017851497915445,.40238019972205935,8580,.3017851497915445
.376,1,.07548300425211589,512,4,13000,1,1,1,1000,.19285779823529478,sum_of_sum!,erase_clusters!,.03,0,0,1,512,0,1,.12034326609882394,.16045768813176525,8112,.12034326609882394
.481,1,.19895108540852866,512,4,13000,1,1,1,1000,.45725022695688566,sum_of_sum!,erase_clusters!,.03,0,0,2,130816,0,1,.23731286779062366,.3164171570541649,6747,.23731286779062366
.904,1,.048360188802083336,512,4,13000,1,2,1,1000,.19285779823529478,sum_of_sum!,erase_clusters!,0,0,0,1,512,0,1,.018514348630588293,.03702869726117659,1247.9999999999998,.018514348630588293
.665,1,.17989667256673178,512,4,13000,1,2,1,1000,.45725022695688566,sum_of_sum!,erase_clusters!,0,0,0,2,130816,0,1,.1531788260305567,.3063576520611134,4354.999999999999,.1531788260305567
.975,1,.057322184244791664,512,4,13000,1,2,1,1000,.19285779823529478,sum_of_sum!,erase_clusters!,.01,0,0,1,512,0,1,.0048214449558823735,.009642889911764747,325.0000000000003,.0048214449558823735
.781,1,.18617725372314453,512,4,13000,1,2,1,1000,.45725022695688566,sum_of_sum!,erase_clusters!,.01,0,0,2,130816,0,1,.10013779970355795,.2002755994071159,2846.9999999999995,.10013779970355795
.988,1,.0664507548014323,512,4,13000,1,2,1,1000,.19285779823529478,sum_of_sum!,erase_clusters!,.02,0,0,1,512,0,1,.0023142935788235393,.0046285871576470785,156.00000000000014,.0023142935788235393
.866,1,.1924320856730143,512,4,13000,1,2,1,1000,.45725022695688566,sum_of_sum!,erase_clusters!,.02,0,0,2,130816,0,1,.061271530412222684,.12254306082444537,1742,.061271530412222684
.999,1,.07561937967936198,512,4,13000,1,2,1,1000,.19285779823529478,sum_of_sum!,erase_clusters!,.03,0,0,1,512,0,1,.00019285779823529495,.0003857155964705899,13.00000000000001,.00019285779823529495
.904,1,.19925880432128906,512,4,13000,1,2,1,1000,.45725022695688566,sum_of_sum!,erase_clusters!,.03,0,0,2,130816,0,1,.04389602178786101,.08779204357572203,1247.9999999999998,.04389602178786101
.09299999999999997,1,.05563227335611979,512,4,15000,1,1,1,1000,.22055935973863025,sum_of_sum!,erase_clusters!,0,0,0,1,512,0,1,.20004733928293764,.26672978571058353,13605,.20004733928293764
.05500000000000005,1,.20447476704915366,512,4,15000,1,1,1,1000,.5256275467250812,sum_of_sum!,erase_clusters!,0,0,0,2,130816,0,1,.4967180316552017,.6622907088736022,14175,.4967180316552017
.21999999999999997,1,.06442864735921223,512,4,15000,1,1,1,1000,.22055935973863025,sum_of_sum!,erase_clusters!,.01,0,0,1,512,0,1,.1720363005961316,.22938173412817545,11700,.1720363005961316
.263,1,.21043078104654947,512,4,15000,1,1,1,1000,.5256275467250812,sum_of_sum!,erase_clusters!,.01,0,0,2,130816,0,1,.3873875019363848,.5165166692485131,11055,.3873875019363848
.32999999999999996,1,.07332770029703777,512,4,15000,1,1,1,1000,.22055935973863025,sum_of_sum!,erase_clusters!,.02,0,0,1,512,0,1,.1477747710248823,.19703302803317638,10050,.1477747710248823
.43000000000000005,1,.21639696756998697,512,4,15000,1,1,1,1000,.5256275467250812,sum_of_sum!,erase_clusters!,.02,0,0,2,130816,0,1,.29960770163329625,.39947693551106167,8550,.29960770163329625
.42400000000000004,1,.08233070373535156,512,4,15000,1,1,1,1000,.22055935973863025,sum_of_sum!,erase_clusters!,.03,0,0,1,512,0,1,.127042191209451,.169389588279268,8640,.127042191209451
.579,1,.22229417165120444,512,4,15000,1,1,1,1000,.5256275467250812,sum_of_sum!,erase_clusters!,.03,0,0,2,130816,0,1,.2212891971712592,.29505226289501224,6315.000000000001,.2212891971712592
.959,1,.055683135986328125,512,4,15000,1,2,1,1000,.22055935973863025,sum_of_sum!,erase_clusters!,0,0,0,1,512,0,1,.009042933749283848,.018085867498567696,615.0000000000006,.009042933749283848
.834,1,.20441818237304688,512,4,15000,1,2,1,1000,.5256275467250812,sum_of_sum!,erase_clusters!,0,0,0,2,130816,0,1,.08725417275636349,.17450834551272698,2490.0000000000005,.08725417275636349
.985,1,.06451479593912761,512,4,15000,1,2,1,1000,.22055935973863025,sum_of_sum!,erase_clusters!,.01,0,0,1,512,0,1,.0033083903960794566,.006616780792158913,225.0000000000002,.0033083903960794566
.897,1,.2106927235921224,512,4,15000,1,2,1,1000,.5256275467250812,sum_of_sum!,erase_clusters!,.01,0,0,2,130816,0,1,.05413963731268335,.1082792746253667,1544.9999999999998,.05413963731268335
.996,1,.07345994313557942,512,4,15000,1,2,1,1000,.22055935973863025,sum_of_sum!,erase_clusters!,.02,0,0,1,512,0,1,.0008822374389545218,.0017644748779090437,60.00000000000006,.0008822374389545218
.944,1,.2162926991780599,512,4,15000,1,2,1,1000,.5256275467250812,sum_of_sum!,erase_clusters!,.02,0,0,2,130816,0,1,.02943514261660457,.05887028523320914,840.0000000000008,.02943514261660457
.998,1,.08218955993652344,512,4,15000,1,2,1,1000,.22055935973863025,sum_of_sum!,erase_clusters!,.03,0,0,1,512,0,1,.0004411187194772609,.0008822374389545218,30.00000000000003,.0004411187194772609
.961,1,.222257932027181,512,4,15000,1,2,1,1000,.5256275467250812,sum_of_sum!,erase_clusters!,.03,0,0,2,130816,0,1,.020499474322278183,.04099894864455637,585.0000000000006,.020499474322278183
.128,1,.0627899169921875,512,4,17000,1,1,1,1000,.24801559375730434,sum_of_sum!,erase_clusters!,0,0,0,1,512,0,1,.2162695977563694,.2883594636751592,14824,.2162695977563694
.06799999999999995,1,.22832934061686197,512,4,17000,1,1,1,1000,.5937595390086154,sum_of_sum!,erase_clusters!,0,0,0,2,130816,0,1,.5533838903560296,.7378451871413728,15844,.5533838903560296
.259,1,.07157675425211589,512,4,17000,1,1,1,1000,.24801559375730434,sum_of_sum!,erase_clusters!,.01,0,0,1,512,0,1,.1837795549741625,.24503940663221668,12597,.1837795549741625
.34199999999999997,1,.23375701904296875,512,4,17000,1,1,1,1000,.5937595390086154,sum_of_sum!,erase_clusters!,.01,0,0,2,130816,0,1,.39069377666766897,.520925035556892,11186,.39069377666766897
.373,1,.08028793334960938,512,4,17000,1,1,1,1000,.24801559375730434,sum_of_sum!,erase_clusters!,.02,0,0,1,512,0,1,.15550577728582982,.20734103638110643,10659,.15550577728582982
.522,1,.23923778533935547,512,4,17000,1,1,1,1000,.5937595390086154,sum_of_sum!,erase_clusters!,.02,0,0,2,130816,0,1,.2838170596461182,.37842274619482424,8126,.2838170596461182
.476,1,.08901691436767578,512,4,17000,1,1,1,1000,.24801559375730434,sum_of_sum!,erase_clusters!,.03,0,0,1,512,0,1,.1299601711288275,.17328022817177,8908,.1299601711288275
.6579999999999999,1,.24483871459960938,512,4,17000,1,1,1,1000,.5937595390086154,sum_of_sum!,erase_clusters!,.03,0,0,2,130816,0,1,.20306576234094653,.2707543497879287,5814.000000000002,.20306576234094653
.973,1,.0627606709798177,512,4,17000,1,2,1,1000,.24801559375730434,sum_of_sum!,erase_clusters!,0,0,0,1,512,0,1,.0066964210314472234,.013392842062894447,459.0000000000004,.0066964210314472234
.952,1,.22861035664876303,512,4,17000,1,2,1,1000,.5937595390086154,sum_of_sum!,erase_clusters!,0,0,0,2,130816,0,1,.02850045787241357,.05700091574482714,816.0000000000007,.02850045787241357
.996,1,.07165590922037761,512,4,17000,1,2,1,1000,.24801559375730434,sum_of_sum!,erase_clusters!,.01,0,0,1,512,0,1,.0009920623750292183,.0019841247500584367,68.00000000000006,.0009920623750292183
.964,1,.2339626948038737,512,4,17000,1,2,1,1000,.5937595390086154,sum_of_sum!,erase_clusters!,.01,0,0,2,130816,0,1,.021375343404310174,.04275068680862035,612.0000000000006,.021375343404310174
1,1,.08035691579182942,512,4,17000,1,2,1,1000,.24801559375730434,sum_of_sum!,erase_clusters!,.02,0,0,1,512,0,1,0,0,0,0
.983,1,.23941326141357422,512,4,17000,1,2,1,1000,.5937595390086154,sum_of_sum!,erase_clusters!,.02,0,0,2,130816,0,1,.010093912163146472,.020187824326292944,289.0000000000003,.010093912163146472
1,1,.08907127380371094,512,4,17000,1,2,1,1000,.24801559375730434,sum_of_sum!,erase_clusters!,.03,0,0,1,512,0,1,0,0,0,0
.982,1,.2449474334716797,512,4,17000,1,2,1,1000,.5937595390086154,sum_of_sum!,erase_clusters!,.03,0,0,2,130816,0,1,.010687671702155087,.021375343404310174,306.0000000000003,.010687671702155087
.18300000000000005,1,.06989606221516927,512,4,19000,1,1,1,1000,.2752555057754467,sum_of_sum!,erase_clusters!,0,0,0,1,512,0,1,.22488374821853996,.29984499762471994,15522.999999999998,.22488374821853996
.14200000000000002,1,.2519232432047526,512,4,19000,1,1,1,1000,.661675209291618,sum_of_sum!,erase_clusters!,0,0,0,2,130816,0,1,.5677173295722083,.7569564394296111,16302,.5677173295722083
.28500000000000003,1,.07844861348470052,512,4,19000,1,1,1,1000,.2752555057754467,sum_of_sum!,erase_clusters!,.01,0,0,1,512,0,1,.1968076866294444,.2624102488392592,13585,.1968076866294444
.391,1,.2566375732421875,512,4,19000,1,1,1,1000,.661675209291618,sum_of_sum!,erase_clusters!,.01,0,0,2,130816,0,1,.4029602024585954,.5372802699447938,11571,.4029602024585954
.40800000000000003,1,.0871264139811198,512,4,19000,1,1,1,1000,.2752555057754467,sum_of_sum!,erase_clusters!,.02,0,0,1,512,0,1,.16295125941906444,.2172683458920859,11248,.16295125941906444
.604,1,.26158936818440753,512,4,19000,1,1,1,1000,.661675209291618,sum_of_sum!,erase_clusters!,.02,0,0,2,130816,0,1,.26202338287948074,.34936451050597433,7524,.26202338287948074
.503,1,.09590339660644531,512,4,19000,1,1,1,1000,.2752555057754467,sum_of_sum!,erase_clusters!,.03,0,0,1,512,0,1,.136801986370397,.18240264849386267,9443,.136801986370397
.6970000000000001,1,.26634661356608075,512,4,19000,1,1,1,1000,.661675209291618,sum_of_sum!,erase_clusters!,.03,0,0,2,130816,0,1,.2004875884153602,.26731678455381364,5756.999999999999,.2004875884153602
.986,1,.06989606221516927,512,4,19000,1,2,1,1000,.2752555057754467,sum_of_sum!,erase_clusters!,0,0,0,1,512,0,1,.0038535770808562574,.007707154161712515,266.0000000000002,.0038535770808562574
.98,1,.2515939076741536,512,4,19000,1,2,1,1000,.661675209291618,sum_of_sum!,erase_clusters!,0,0,0,2,130816,0,1,.013233504185832372,.026467008371664744,380.00000000000034,.013233504185832372
.999,1,.07847340901692708,512,4,19000,1,2,1,1000,.2752555057754467,sum_of_sum!,erase_clusters!,.01,0,0,1,512,0,1,.000275255505775447,.000550511011550894,19.000000000000018,.000275255505775447
.98,1,.2563505172729492,512,4,19000,1,2,1,1000,.661675209291618,sum_of_sum!,erase_clusters!,.01,0,0,2,130816,0,1,.013233504185832372,.026467008371664744,380.00000000000034,.013233504185832372
.998,1,.08717409769694011,512,4,19000,1,2,1,1000,.2752555057754467,sum_of_sum!,erase_clusters!,.02,0,0,1,512,0,1,.000550511011550894,.001101022023101788,38.000000000000036,.000550511011550894
.996,1,.26198895772298175,512,4,19000,1,2,1,1000,.661675209291618,sum_of_sum!,erase_clusters!,.02,0,0,2,130816,0,1,.0026467008371664747,.005293401674332949,76.00000000000007,.0026467008371664747
1,1,.09589640299479167,512,4,19000,1,2,1,1000,.2752555057754467,sum_of_sum!,erase_clusters!,.03,0,0,1,512,0,1,0,0,0,0
.996,1,.2663612365722656,512,4,19000,1,2,1,1000,.661675209291618,sum_of_sum!,erase_clusters!,.03,0,0,2,130816,0,1,.0026467008371664747,.005293401674332949,76.00000000000007,.0026467008371664747
.03700000000000003,1,.07347052437918526,256,8,5000,1,4,1,1000,.14362958532183662,sum_of_sum!,erase_clusters!,0,0,0,1,256,0,1,.13831529066492865,.2766305813298573,4815,.13831529066492865
.04400000000000004,1,.2628533499581473,256,8,5000,1,4,1,1000,.2960943906384098,sum_of_sum!,erase_clusters!,0,0,0,2,32640,0,1,.2830662374503198,.5661324749006396,4780,.2830662374503198
.137,1,.08203588213239398,256,8,5000,1,4,1,1000,.14362958532183662,sum_of_sum!,erase_clusters!,.01,0,0,1,256,0,1,.123952332132745,.24790466426549,4315,.123952332132745
.19799999999999995,1,.2676459721156529,256,8,5000,1,4,1,1000,.2960943906384098,sum_of_sum!,erase_clusters!,.01,0,0,2,32640,0,1,.23746770129200467,.47493540258400935,4010.0000000000005,.23746770129200467
.269,1,.09048843383789062,256,8,5000,1,4,1,1000,.14362958532183662,sum_of_sum!,erase_clusters!,.02,0,0,1,256,0,1,.10499322687026257,.20998645374052513,3655,.10499322687026257
.33499999999999996,1,.27273641313825336,256,8,5000,1,4,1,1000,.2960943906384098,sum_of_sum!,erase_clusters!,.02,0,0,2,32640,0,1,.19690276977454255,.3938055395490851,3325,.19690276977454255
.391,1,.0990227290562221,256,8,5000,1,4,1,1000,.14362958532183662,sum_of_sum!,erase_clusters!,.03,0,0,1,256,0,1,.0874704174609985,.174940834921997,3045,.0874704174609985
.523,1,.2771731785365513,256,8,5000,1,4,1,1000,.2960943906384098,sum_of_sum!,erase_clusters!,.03,0,0,2,32640,0,1,.14123702433452148,.28247404866904297,2385,.14123702433452148
.536,1,.1075455801827567,256,8,5000,1,4,1,1000,.14362958532183662,sum_of_sum!,erase_clusters!,.04,0,0,1,256,0,1,.06664412758933219,.13328825517866438,2320,.06664412758933219
.654,1,.2819644383021763,256,8,5000,1,4,1,1000,.2960943906384098,sum_of_sum!,erase_clusters!,.04,0,0,2,32640,0,1,.10244865916088979,.20489731832177957,1729.9999999999998,.10244865916088979
.6659999999999999,1,.11613518851143974,256,8,5000,1,4,1,1000,.14362958532183662,sum_of_sum!,erase_clusters!,.05,0,0,1,256,0,1,.04797228149749344,.09594456299498688,1670.0000000000005,.04797228149749344
.768,1,.2869856698172433,256,8,5000,1,4,1,1000,.2960943906384098,sum_of_sum!,erase_clusters!,.05,0,0,2,32640,0,1,.06869389862811107,.13738779725622213,1160,.06869389862811107
0,1.037,.07343074253627233,256,8,5000,1,4,4,1000,.14362958532183662,sum_of_sum!,erase_clusters!,0,0,0,1,256,0,1,.14362958532183662,.28725917064367323,5e3,.14362958532183662
0,1.04,.262810298374721,256,8,5000,1,4,4,1000,.2960943906384098,sum_of_sum!,erase_clusters!,0,0,0,2,32640,0,1,.2960943906384098,.5921887812768196,5e3,.2960943906384098
0,1.125,.08190836225237165,256,8,5000,1,4,4,1000,.14362958532183662,sum_of_sum!,erase_clusters!,.01,0,0,1,256,0,1,.14362958532183662,.28725917064367323,5e3,.14362958532183662
.0010000000000000009,1.198,.2679151807512556,256,8,5000,1,4,4,1000,.2960943906384098,sum_of_sum!,erase_clusters!,.01,0,0,2,32640,0,1,.2957982962477714,.5915965924955428,4995,.2957982962477714
.0030000000000000027,1.264,.09057508196149554,256,8,5000,1,4,4,1000,.14362958532183662,sum_of_sum!,erase_clusters!,.02,0,0,1,256,0,1,.14319869656587111,.28639739313174223,4985,.14319869656587111
.0020000000000000018,1.395,.27255875723702566,256,8,5000,1,4,4,1000,.2960943906384098,sum_of_sum!,erase_clusters!,.02,0,0,2,32640,0,1,.295502201857133,.591004403714266,4990,.295502201857133
.01200000000000001,1.433,.09893417358398438,256,8,5000,1,4,4,1000,.14362958532183662,sum_of_sum!,erase_clusters!,.03,0,0,1,256,0,1,.14190603029797458,.28381206059594916,4940,.14190603029797458
.01200000000000001,1.553,.2770434788295201,256,8,5000,1,4,4,1000,.2960943906384098,sum_of_sum!,erase_clusters!,.03,0,0,2,32640,0,1,.29254125795074887,.5850825159014977,4940,.29254125795074887
.025000000000000022,1.633,.10746192932128906,256,8,5000,1,4,4,1000,.14362958532183662,sum_of_sum!,erase_clusters!,.04,0,0,1,256,0,1,.1400388456887907,.2800776913775814,4875,.1400388456887907
.013000000000000012,1.739,.28184209551130024,256,8,5000,1,4,4,1000,.2960943906384098,sum_of_sum!,erase_clusters!,.04,0,0,2,32640,0,1,.2922451635601105,.584490327120221,4935,.2922451635601105
.050000000000000044,1.856,.11636815752301898,256,8,5000,1,4,4,1000,.14362958532183662,sum_of_sum!,erase_clusters!,.05,0,0,1,256,0,1,.13644810605574478,.27289621211148957,4750,.13644810605574478
.03300000000000003,1.928,.28688267299107145,256,8,5000,1,4,4,1000,.2960943906384098,sum_of_sum!,erase_clusters!,.05,0,0,2,32640,0,1,.2863232757473423,.5726465514946846,4835,.2863232757473423
.11299999999999999,1,.10130855015345983,256,8,7000,1,4,1,1000,.1992296630603039,sum_of_sum!,erase_clusters!,0,0,0,1,256,0,1,.17671671113448956,.3534334222689791,6209,.17671671113448956
.276,1,.3476219177246094,256,8,7000,1,4,1,1000,.4126803905035064,sum_of_sum!,erase_clusters!,0,0,0,2,32640,0,1,.29878060272453866,.5975612054490773,5068,.29878060272453866
.279,1,.10926192147391182,256,8,7000,1,4,1,1000,.1992296630603039,sum_of_sum!,erase_clusters!,.01,0,0,1,256,0,1,.14364458706647912,.28728917413295824,5047,.14364458706647912
.5780000000000001,1,.35050010681152344,256,8,7000,1,4,1,1000,.4126803905035064,sum_of_sum!,erase_clusters!,.01,0,0,2,32640,0,1,.17415112479247968,.34830224958495937,2953.9999999999995,.17415112479247968
.397,1,.11718559265136719,256,8,7000,1,4,1,1000,.1992296630603039,sum_of_sum!,erase_clusters!,.02,0,0,1,256,0,1,.12013548682536325,.2402709736507265,4221,.12013548682536325
.776,1,.3539785657610212,256,8,7000,1,4,1,1000,.4126803905035064,sum_of_sum!,erase_clusters!,.02,0,0,2,32640,0,1,.09244040747278542,.18488081494557085,1567.9999999999998,.09244040747278542
.585,1,.1254395076206752,256,8,7000,1,4,1,1000,.1992296630603039,sum_of_sum!,erase_clusters!,.03,0,0,1,256,0,1,.08268031017002613,.16536062034005225,2905.0000000000005,.08268031017002613
.904,1,.3566959926060268,256,8,7000,1,4,1,1000,.4126803905035064,sum_of_sum!,erase_clusters!,.03,0,0,2,32640,0,1,.039617317488336606,.07923463497667321,671.9999999999998,.039617317488336606
.6739999999999999,1,.1330841609409877,256,8,7000,1,4,1,1000,.1992296630603039,sum_of_sum!,erase_clusters!,.04,0,0,1,256,0,1,.06494887015765909,.12989774031531817,2282.0000000000005,.06494887015765909
.943,1,.36017417907714844,256,8,7000,1,4,1,1000,.4126803905035064,sum_of_sum!,erase_clusters!,.04,0,0,2,32640,0,1,.023522782258699887,.047045564517399774,399.00000000000034,.023522782258699887
.77,1,.14120101928710938,256,8,7000,1,4,1,1000,.1992296630603039,sum_of_sum!,erase_clusters!,.05,0,0,1,256,0,1,.045822822503869896,.09164564500773979,1609.9999999999998,.045822822503869896
.975,1,.36313438415527344,256,8,7000,1,4,1,1000,.4126803905035064,sum_of_sum!,erase_clusters!,.05,0,0,2,32640,0,1,.010317009762587669,.020634019525175337,175.00000000000014,.010317009762587669
0,1.116,.10140064784458705,256,8,7000,1,4,4,1000,.1992296630603039,sum_of_sum!,erase_clusters!,0,0,0,1,256,0,1,.1992296630603039,.3984593261206078,7e3,.1992296630603039
0,1.239,.34767913818359375,256,8,7000,1,4,4,1000,.4126803905035064,sum_of_sum!,erase_clusters!,0,0,0,2,32640,0,1,.4126803905035064,.8253607810070128,7e3,.4126803905035064
.0050000000000000044,1.284,.10931287493024554,256,8,7000,1,4,4,1000,.1992296630603039,sum_of_sum!,erase_clusters!,.01,0,0,1,256,0,1,.1982335147450024,.3964670294900048,6965,.1982335147450024
.014000000000000012,1.664,.35061536516462055,256,8,7000,1,4,4,1000,.4126803905035064,sum_of_sum!,erase_clusters!,.01,0,0,2,32640,0,1,.40690286503645734,.8138057300729147,6902,.40690286503645734
.009000000000000008,1.486,.11734989711216517,256,8,7000,1,4,4,1000,.1992296630603039,sum_of_sum!,erase_clusters!,.02,0,0,1,256,0,1,.19743659609276115,.3948731921855223,6937,.19743659609276115
.040000000000000036,1.98,.3538891928536551,256,8,7000,1,4,4,1000,.4126803905035064,sum_of_sum!,erase_clusters!,.02,0,0,2,32640,0,1,.3961731748833661,.7923463497667322,6720,.3961731748833661
.02200000000000002,1.629,.1251798357282366,256,8,7000,1,4,4,1000,.1992296630603039,sum_of_sum!,erase_clusters!,.03,0,0,1,256,0,1,.19484661047297722,.38969322094595443,6846,.19484661047297722
.08799999999999997,2.247,.35688155038016184,256,8,7000,1,4,4,1000,.4126803905035064,sum_of_sum!,erase_clusters!,.03,0,0,2,32640,0,1,.37636451613919786,.7527290322783957,6384,.37636451613919786
.038000000000000034,1.821,.13321631295340403,256,8,7000,1,4,4,1000,.1992296630603039,sum_of_sum!,erase_clusters!,.04,0,0,1,256,0,1,.19165893586401234,.3833178717280247,6734,.19165893586401234
.15200000000000002,2.56,.359520503452846,256,8,7000,1,4,4,1000,.4126803905035064,sum_of_sum!,erase_clusters!,.04,0,0,2,32640,0,1,.34995297114697343,.6999059422939469,5936,.34995297114697343
.08999999999999997,2.121,.14112200055803573,256,8,7000,1,4,4,1000,.1992296630603039,sum_of_sum!,erase_clusters!,.05,0,0,1,256,0,1,.18129899338487657,.36259798676975313,6370,.18129899338487657
.30300000000000005,2.931,.3630763462611607,256,8,7000,1,4,4,1000,.4126803905035064,sum_of_sum!,erase_clusters!,.05,0,0,2,32640,0,1,.287638232180944,.575276464361888,4879,.287638232180944
.268,1,.12837328229631698,256,8,9000,1,4,1,1000,.2543741588184141,sum_of_sum!,erase_clusters!,0,0,0,1,256,0,1,.1862018842550791,.3724037685101582,6588,.1862018842550791
.7090000000000001,1,.4227382114955357,256,8,9000,1,4,1,1000,.5288108083882458,sum_of_sum!,erase_clusters!,0,0,0,2,32640,0,1,.15388394524097948,.30776789048195896,2618.9999999999995,.15388394524097948
.43600000000000005,1,.1357084001813616,256,8,9000,1,4,1,1000,.2543741588184141,sum_of_sum!,erase_clusters!,.01,0,0,1,256,0,1,.14346702557358554,.2869340511471711,5075.999999999999,.14346702557358554
.912,1,.4241545540945871,256,8,9000,1,4,1,1000,.5288108083882458,sum_of_sum!,erase_clusters!,.01,0,0,2,32640,0,1,.046535351138165613,.09307070227633123,791.9999999999997,.046535351138165613
.597,1,.14316449846540177,256,8,9000,1,4,1,1000,.2543741588184141,sum_of_sum!,erase_clusters!,.02,0,0,1,256,0,1,.10251278600382088,.20502557200764177,3627,.10251278600382088
.959,1,.4255199432373047,256,8,9000,1,4,1,1000,.5288108083882458,sum_of_sum!,erase_clusters!,.02,0,0,2,32640,0,1,.021681243143918096,.04336248628783619,369.00000000000034,.021681243143918096
.696,1,.1507857186453683,256,8,9000,1,4,1,1000,.2543741588184141,sum_of_sum!,erase_clusters!,.03,0,0,1,256,0,1,.07732974428079789,.15465948856159578,2736.0000000000005,.07732974428079789
.982,1,.4272542681012835,256,8,9000,1,4,1,1000,.5288108083882458,sum_of_sum!,erase_clusters!,.03,0,0,2,32640,0,1,.009518594550988432,.019037189101976864,162.00000000000014,.009518594550988432
.806,1,.15793473379952566,256,8,9000,1,4,1,1000,.2543741588184141,sum_of_sum!,erase_clusters!,.04,0,0,1,256,0,1,.04934858681077232,.09869717362154463,1745.9999999999995,.04934858681077232
.993,1,.4289956774030413,256,8,9000,1,4,1,1000,.5288108083882458,sum_of_sum!,erase_clusters!,.04,0,0,2,32640,0,1,.003701675658717724,.007403351317435448,63.00000000000006,.003701675658717724
.87,1,.165363039289202,256,8,9000,1,4,1,1000,.2543741588184141,sum_of_sum!,erase_clusters!,.05,0,0,1,256,0,1,.03306864064639383,.06613728129278766,1170,.03306864064639383
.998,1,.43052591596330914,256,8,9000,1,4,1,1000,.5288108083882458,sum_of_sum!,erase_clusters!,.05,0,0,2,32640,0,1,.0010576216167764924,.002115243233552985,18.000000000000014,.0010576216167764924
.0020000000000000018,1.278,.12824467250279017,256,8,9000,1,4,4,1000,.2543741588184141,sum_of_sum!,erase_clusters!,0,0,0,1,256,0,1,.25386541050077727,.5077308210015545,8982,.25386541050077727
.01100000000000001,1.742,.4223071507045201,256,8,9000,1,4,4,1000,.5288108083882458,sum_of_sum!,erase_clusters!,0,0,0,2,32640,0,1,.522993889495975,1.04598777899195,8901,.522993889495975
.008000000000000007,1.486,.13581929888044084,256,8,9000,1,4,4,1000,.2543741588184141,sum_of_sum!,erase_clusters!,.01,0,0,1,256,0,1,.2523391655478668,.5046783310957336,8928,.2523391655478668
.10499999999999998,2.365,.42460332598005024,256,8,9000,1,4,4,1000,.5288108083882458,sum_of_sum!,erase_clusters!,.01,0,0,2,32640,0,1,.47328567350747996,.9465713470149599,8055,.47328567350747996
.02100000000000002,1.692,.14316613333565847,256,8,9000,1,4,4,1000,.2543741588184141,sum_of_sum!,erase_clusters!,.02,0,0,1,256,0,1,.2490323014832274,.4980646029664548,8811,.2490323014832274
.28500000000000003,2.942,.4261561802455357,256,8,9000,1,4,4,1000,.5288108083882458,sum_of_sum!,erase_clusters!,.02,0,0,2,32640,0,1,.3780997279975957,.7561994559951914,6435,.3780997279975957
.05500000000000005,1.909,.1505445752825056,256,8,9000,1,4,4,1000,.2543741588184141,sum_of_sum!,erase_clusters!,.03,0,0,1,256,0,1,.2403835800834013,.4807671601668026,8505,.2403835800834013
.42100000000000004,3.279,.42737225123814176,256,8,9000,1,4,4,1000,.5288108083882458,sum_of_sum!,erase_clusters!,.03,0,0,2,32640,0,1,.3061814580567943,.6123629161135886,5211,.3061814580567943
.09099999999999997,2.154,.15821593148367746,256,8,9000,1,4,4,1000,.2543741588184141,sum_of_sum!,erase_clusters!,.04,0,0,1,256,0,1,.2312261103659384,.4624522207318768,8181,.2312261103659384
.622,3.584,.4291485377720424,256,8,9000,1,4,4,1000,.5288108083882458,sum_of_sum!,erase_clusters!,.04,0,0,2,32640,0,1,.19989048557075692,.39978097114151384,3402,.19989048557075692
.15000000000000002,2.372,.16541263035365514,256,8,9000,1,4,4,1000,.2543741588184141,sum_of_sum!,erase_clusters!,.05,0,0,1,256,0,1,.21621803499565195,.4324360699913039,7650,.21621803499565195
.793,3.796,.43053763253348215,256,8,9000,1,4,4,1000,.5288108083882458,sum_of_sum!,erase_clusters!,.05,0,0,2,32640,0,1,.10946383733636686,.21892767467273372,1862.9999999999995,.10946383733636686
.45499999999999996,1,.15459278651646205,256,8,11000,1,4,1,1000,.3091662952225313,sum_of_sum!,erase_clusters!,0,0,0,1,256,0,1,.16849563089627959,.33699126179255917,5995,.16849563089627959
.976,1,.4888594491141183,256,8,11000,1,4,1,1000,.6445888669189923,sum_of_sum!,erase_clusters!,0,0,0,2,32640,0,1,.015470132806055829,.030940265612111658,264.0000000000002,.015470132806055829
.648,1,.16134916033063615,256,8,11000,1,4,1,1000,.3091662952225313,sum_of_sum!,erase_clusters!,.01,0,0,1,256,0,1,.10882653591833101,.21765307183666202,3872,.10882653591833101
.99,1,.48958723885672434,256,8,11000,1,4,1,1000,.6445888669189923,sum_of_sum!,erase_clusters!,.01,0,0,2,32640,0,1,.006445888669189929,.012891777338379857,110.0000000000001,.006445888669189929
.74,1,.16827474321637834,256,8,11000,1,4,1,1000,.3091662952225313,sum_of_sum!,erase_clusters!,.02,0,0,1,256,0,1,.08038323675785815,.1607664735157163,2860,.08038323675785815
.997,1,.4891297476632254,256,8,11000,1,4,1,1000,.6445888669189923,sum_of_sum!,erase_clusters!,.02,0,0,2,32640,0,1,.0019337666007569786,.0038675332015139573,33.00000000000003,.0019337666007569786
.823,1,.17528152465820312,256,8,11000,1,4,1,1000,.3091662952225313,sum_of_sum!,erase_clusters!,.03,0,0,1,256,0,1,.05472243425438805,.1094448685087761,1947.0000000000005,.05472243425438805
1,1,.4900430951799665,256,8,11000,1,4,1,1000,.6445888669189923,sum_of_sum!,erase_clusters!,.03,0,0,2,32640,0,1,0,0,0,0
.887,1,.1823389870779855,256,8,11000,1,4,1,1000,.3091662952225313,sum_of_sum!,erase_clusters!,.04,0,0,1,256,0,1,.03493579136014603,.06987158272029206,1242.9999999999998,.03493579136014603
.998,1,.4898390088762556,256,8,11000,1,4,1,1000,.6445888669189923,sum_of_sum!,erase_clusters!,.04,0,0,2,32640,0,1,.0012891777338379857,.0025783554676759714,22.00000000000002,.0012891777338379857
.9390000000000001,1,.1889830998011998,256,8,11000,1,4,1,1000,.3091662952225313,sum_of_sum!,erase_clusters!,.05,0,0,1,256,0,1,.018859144008574392,.037718288017148785,670.9999999999993,.018859144008574392
1,1,.4902629852294922,256,8,11000,1,4,1,1000,.6445888669189923,sum_of_sum!,erase_clusters!,.05,0,0,2,32640,0,1,0,0,0,0
.0040000000000000036,1.484,.15458243233816965,256,8,11000,1,4,4,1000,.3091662952225313,sum_of_sum!,erase_clusters!,0,0,0,1,256,0,1,.3079296300416412,.6158592600832824,10956,.3079296300416412
.10099999999999998,2.646,.4889275687081473,256,8,11000,1,4,4,1000,.6445888669189923,sum_of_sum!,erase_clusters!,0,0,0,2,32640,0,1,.5794853913601741,1.1589707827203481,9889,.5794853913601741
.01200000000000001,1.699,.16140529087611608,256,8,11000,1,4,4,1000,.3091662952225313,sum_of_sum!,erase_clusters!,.01,0,0,1,256,0,1,.30545629967986093,.6109125993597219,10868,.30545629967986093
.45599999999999996,3.359,.48894963945661274,256,8,11000,1,4,4,1000,.6445888669189923,sum_of_sum!,erase_clusters!,.01,0,0,2,32640,0,1,.35065634360393183,.7013126872078637,5984,.35065634360393183
.04800000000000004,1.96,.1684235164097377,256,8,11000,1,4,4,1000,.3091662952225313,sum_of_sum!,erase_clusters!,.02,0,0,1,256,0,1,.2943263130518498,.5886526261036996,10472,.2943263130518498
.7010000000000001,3.706,.4899531773158482,256,8,11000,1,4,4,1000,.6445888669189923,sum_of_sum!,erase_clusters!,.02,0,0,2,32640,0,1,.19273207120877867,.38546414241755733,3288.999999999999,.19273207120877867
.09199999999999997,2.205,.17516217912946427,256,8,11000,1,4,4,1000,.3091662952225313,sum_of_sum!,erase_clusters!,.03,0,0,1,256,0,1,.2807229960620584,.5614459921241168,9988,.2807229960620584
.87,3.903,.4895883287702288,256,8,11000,1,4,4,1000,.6445888669189923,sum_of_sum!,erase_clusters!,.03,0,0,2,32640,0,1,.083796552699469,.167593105398938,1430,.083796552699469
.17200000000000004,2.473,.1822357177734375,256,8,11000,1,4,4,1000,.3091662952225313,sum_of_sum!,erase_clusters!,.04,0,0,1,256,0,1,.2559896924442559,.5119793848885118,9108,.2559896924442559
.957,3.972,.48991830008370535,256,8,11000,1,4,4,1000,.6445888669189923,sum_of_sum!,erase_clusters!,.04,0,0,2,32640,0,1,.027717321277516693,.05543464255503339,473.0000000000004,.027717321277516693
.30600000000000005,2.882,.1891427721296038,256,8,11000,1,4,4,1000,.3091662952225313,sum_of_sum!,erase_clusters!,.05,0,0,1,256,0,1,.2145614088844367,.4291228177688734,7633.999999999999,.2145614088844367
.979,3.986,.49019432067871094,256,8,11000,1,4,4,1000,.6445888669189923,sum_of_sum!,erase_clusters!,.05,0,0,2,32640,0,1,.01353636620529885,.0270727324105977,231.0000000000002,.01353636620529885
.679,1,.17995343889508927,256,8,13000,1,4,1,1000,.36367094201418126,sum_of_sum!,erase_clusters!,0,0,0,1,256,0,1,.11673837238655217,.23347674477310434,4172.999999999999,.11673837238655217
1,1,.5479185921805245,256,8,13000,1,4,1,1000,.7600794358372716,sum_of_sum!,erase_clusters!,0,0,0,2,32640,0,1,0,0,0,0
.794,1,.1862436022077288,256,8,13000,1,4,1,1000,.36367094201418126,sum_of_sum!,erase_clusters!,.01,0,0,1,256,0,1,.07491621405492133,.14983242810984265,2677.9999999999995,.07491621405492133
1,1,.5466973440987724,256,8,13000,1,4,1,1000,.7600794358372716,sum_of_sum!,erase_clusters!,.01,0,0,2,32640,0,1,0,0,0,0
.873,1,.19268253871372767,256,8,13000,1,4,1,1000,.36367094201418126,sum_of_sum!,erase_clusters!,.02,0,0,1,256,0,1,.04618620963580102,.09237241927160204,1651,.04618620963580102
1,1,.5459799085344587,256,8,13000,1,4,1,1000,.7600794358372716,sum_of_sum!,erase_clusters!,.02,0,0,2,32640,0,1,0,0,0,0
.911,1,.19897706168038504,256,8,13000,1,4,1,1000,.36367094201418126,sum_of_sum!,erase_clusters!,.03,0,0,1,256,0,1,.03236671383926212,.06473342767852425,1156.9999999999995,.03236671383926212
1,1,.5451875414167132,256,8,13000,1,4,1,1000,.7600794358372716,sum_of_sum!,erase_clusters!,.03,0,0,2,32640,0,1,0,0,0,0
.947,1,.20554569789341517,256,8,13000,1,4,1,1000,.36367094201418126,sum_of_sum!,erase_clusters!,.04,0,0,1,256,0,1,.019274559926751623,.03854911985350325,689.0000000000006,.019274559926751623
1,1,.5440624782017299,256,8,13000,1,4,1,1000,.7600794358372716,sum_of_sum!,erase_clusters!,.04,0,0,2,32640,0,1,0,0,0,0
.968,1,.21168245588030135,256,8,13000,1,4,1,1000,.36367094201418126,sum_of_sum!,erase_clusters!,.05,0,0,1,256,0,1,.01163747014445381,.02327494028890762,416.00000000000034,.01163747014445381
1,1,.5426831926618304,256,8,13000,1,4,1,1000,.7600794358372716,sum_of_sum!,erase_clusters!,.05,0,0,2,32640,0,1,0,0,0,0
.01200000000000001,1.726,.17979485648018972,256,8,13000,1,4,4,1000,.36367094201418126,sum_of_sum!,erase_clusters!,0,0,0,1,256,0,1,.3593068907100111,.7186137814200222,12844,.3593068907100111
.622,3.739,.5478651864188058,256,8,13000,1,4,4,1000,.7600794358372716,sum_of_sum!,erase_clusters!,0,0,0,2,32640,0,1,.28731002674648864,.5746200534929773,4914,.28731002674648864
.04800000000000004,1.997,.1862316131591797,256,8,13000,1,4,4,1000,.36367094201418126,sum_of_sum!,erase_clusters!,.01,0,0,1,256,0,1,.34621473679750053,.6924294735950011,12376,.34621473679750053
.87,3.905,.54693603515625,256,8,13000,1,4,4,1000,.7600794358372716,sum_of_sum!,erase_clusters!,.01,0,0,2,32640,0,1,.0988103266588453,.1976206533176906,1690,.0988103266588453
.09499999999999997,2.267,.19260079520089285,256,8,13000,1,4,4,1000,.36367094201418126,sum_of_sum!,erase_clusters!,.02,0,0,1,256,0,1,.32912220252283403,.6582444050456681,11765,.32912220252283403
.951,3.972,.5454166957310268,256,8,13000,1,4,4,1000,.7600794358372716,sum_of_sum!,erase_clusters!,.02,0,0,2,32640,0,1,.03724389235602634,.07448778471205268,637.0000000000006,.03724389235602634
.19699999999999995,2.611,.19920430864606584,256,8,13000,1,4,4,1000,.36367094201418126,sum_of_sum!,erase_clusters!,.03,0,0,1,256,0,1,.2920277664373876,.5840555328747752,10439,.2920277664373876
.993,3.996,.5451352255684989,256,8,13000,1,4,4,1000,.7600794358372716,sum_of_sum!,erase_clusters!,.03,0,0,2,32640,0,1,.0053205560508609055,.010641112101721811,91.00000000000009,.0053205560508609055
.30200000000000005,2.856,.20564488002232142,256,8,13000,1,4,4,1000,.36367094201418126,sum_of_sum!,erase_clusters!,.04,0,0,1,256,0,1,.25384231752589853,.5076846350517971,9074,.25384231752589853
.993,4,.5438191550118583,256,8,13000,1,4,4,1000,.7600794358372716,sum_of_sum!,erase_clusters!,.04,0,0,2,32640,0,1,.0053205560508609055,.010641112101721811,91.00000000000009,.0053205560508609055
.43500000000000005,3.158,.21188299996512278,256,8,13000,1,4,4,1000,.36367094201418126,sum_of_sum!,erase_clusters!,.05,0,0,1,256,0,1,.2054740822380124,.4109481644760248,7344.999999999999,.2054740822380124
.999,4,.5431036267961774,256,8,13000,1,4,4,1000,.7600794358372716,sum_of_sum!,erase_clusters!,.05,0,0,2,32640,0,1,.0007600794358372722,.0015201588716745444,13.00000000000001,.0007600794358372722
.839,1,.20460782732282365,256,8,15000,1,4,1,1000,.4179327157134688,sum_of_sum!,erase_clusters!,0,0,0,1,256,0,1,.0672871672298685,.134574334459737,2415.0000000000005,.0672871672298685
1,1,.599649156842913,256,8,15000,1,4,1,1000,.8753271316631883,sum_of_sum!,erase_clusters!,0,0,0,2,32640,0,1,0,0,0,0
.922,1,.2106475830078125,256,8,15000,1,4,1,1000,.4179327157134688,sum_of_sum!,erase_clusters!,.01,0,0,1,256,0,1,.03259875182565055,.0651975036513011,1169.9999999999993,.03259875182565055
1,1,.5977210998535156,256,8,15000,1,4,1,1000,.8753271316631883,sum_of_sum!,erase_clusters!,.01,0,0,2,32640,0,1,0,0,0,0
.9410000000000001,1,.2164731706891741,256,8,15000,1,4,1,1000,.4179327157134688,sum_of_sum!,erase_clusters!,.02,0,0,1,256,0,1,.024658030227094636,.04931606045418927,884.9999999999991,.024658030227094636
1,1,.5953783307756696,256,8,15000,1,4,1,1000,.8753271316631883,sum_of_sum!,erase_clusters!,.02,0,0,2,32640,0,1,0,0,0,0
.974,1,.22233036586216517,256,8,15000,1,4,1,1000,.4179327157134688,sum_of_sum!,erase_clusters!,.03,0,0,1,256,0,1,.010866250608550199,.021732501217100398,390.00000000000034,.010866250608550199
1,1,.593703133719308,256,8,15000,1,4,1,1000,.8753271316631883,sum_of_sum!,erase_clusters!,.03,0,0,2,32640,0,1,0,0,0,0
.987,1,.22849409920828684,256,8,15000,1,4,1,1000,.4179327157134688,sum_of_sum!,erase_clusters!,.04,0,0,1,256,0,1,.0054331253042750995,.010866250608550199,195.00000000000017,.0054331253042750995
1,1,.5916557312011719,256,8,15000,1,4,1,1000,.8753271316631883,sum_of_sum!,erase_clusters!,.04,0,0,2,32640,0,1,0,0,0,0
.987,1,.23426355634416854,256,8,15000,1,4,1,1000,.4179327157134688,sum_of_sum!,erase_clusters!,.05,0,0,1,256,0,1,.0054331253042750995,.010866250608550199,195.00000000000017,.0054331253042750995
1,1,.5897462027413505,256,8,15000,1,4,1,1000,.8753271316631883,sum_of_sum!,erase_clusters!,.05,0,0,2,32640,0,1,0,0,0,0
.016000000000000014,1.997,.20451300484793528,256,8,15000,1,4,4,1000,.4179327157134688,sum_of_sum!,erase_clusters!,0,0,0,1,256,0,1,.41124579226205327,.8224915845241065,14760,.41124579226205327
.983,3.997,.5995156424386161,256,8,15000,1,4,4,1000,.8753271316631883,sum_of_sum!,erase_clusters!,0,0,0,2,32640,0,1,.014880561238274215,.02976112247654843,255.00000000000023,.014880561238274215
.08999999999999997,2.31,.2102933611188616,256,8,15000,1,4,4,1000,.4179327157134688,sum_of_sum!,erase_clusters!,.01,0,0,1,256,0,1,.3803187712992566,.7606375425985132,13650,.3803187712992566
.994,3.996,.5975829533168248,256,8,15000,1,4,4,1000,.8753271316631883,sum_of_sum!,erase_clusters!,.01,0,0,2,32640,0,1,.005251962789979135,.01050392557995827,90.00000000000009,.005251962789979135
.16700000000000004,2.621,.2167020525251116,256,8,15000,1,4,4,1000,.4179327157134688,sum_of_sum!,erase_clusters!,.02,0,0,1,256,0,1,.3481379521893195,.696275904378639,12495,.3481379521893195
.999,4,.5953916822160993,256,8,15000,1,4,4,1000,.8753271316631883,sum_of_sum!,erase_clusters!,.02,0,0,2,32640,0,1,.0008753271316631891,.0017506542633263782,15.000000000000014,.0008753271316631891
.32999999999999996,2.949,.2223540714808873,256,8,15000,1,4,4,1000,.4179327157134688,sum_of_sum!,erase_clusters!,.03,0,0,1,256,0,1,.2800149195280241,.5600298390560482,10050,.2800149195280241
.997,3.998,.5939968654087612,256,8,15000,1,4,4,1000,.8753271316631883,sum_of_sum!,erase_clusters!,.03,0,0,2,32640,0,1,.0026259813949895674,.005251962789979135,45.00000000000004,.0026259813949895674
.44099999999999995,3.175,.22822189331054688,256,8,15000,1,4,4,1000,.4179327157134688,sum_of_sum!,erase_clusters!,.04,0,0,1,256,0,1,.23362438808382907,.46724877616765814,8385,.23362438808382907
1,4,.591691153390067,256,8,15000,1,4,4,1000,.8753271316631883,sum_of_sum!,erase_clusters!,.04,0,0,2,32640,0,1,0,0,0,0
.556,3.411,.23416709899902344,256,8,15000,1,4,4,1000,.4179327157134688,sum_of_sum!,erase_clusters!,.05,0,0,1,256,0,1,.18556212577678013,.37112425155356027,6659.999999999999,.18556212577678013
1,4,.5894143240792411,256,8,15000,1,4,4,1000,.8753271316631883,sum_of_sum!,erase_clusters!,.05,0,0,2,32640,0,1,0,0,0,0
.933,1,.228363037109375,256,8,17000,1,4,1,1000,.471984208711618,sum_of_sum!,erase_clusters!,0,0,0,1,256,0,1,.03162294198367838,.06324588396735677,1138.999999999999,.03162294198367838
1,1,.6457514081682477,256,8,17000,1,4,1,1000,.990364546787967,sum_of_sum!,erase_clusters!,0,0,0,2,32640,0,1,0,0,0,0
.963,1,.23389979771205358,256,8,17000,1,4,1,1000,.471984208711618,sum_of_sum!,erase_clusters!,.01,0,0,1,256,0,1,.017463415722329883,.034926831444659766,629.0000000000006,.017463415722329883
1,1,.6422909327915737,256,8,17000,1,4,1,1000,.990364546787967,sum_of_sum!,erase_clusters!,.01,0,0,2,32640,0,1,0,0,0,0
.975,1,.23941476004464285,256,8,17000,1,4,1,1000,.471984208711618,sum_of_sum!,erase_clusters!,.02,0,0,1,256,0,1,.01179960521779046,.02359921043558092,425.0000000000004,.01179960521779046
1,1,.6399168287004743,256,8,17000,1,4,1,1000,.990364546787967,sum_of_sum!,erase_clusters!,.02,0,0,2,32640,0,1,0,0,0,0
.987,1,.24463653564453125,256,8,17000,1,4,1,1000,.471984208711618,sum_of_sum!,erase_clusters!,.03,0,0,1,256,0,1,.00613579471325104,.01227158942650208,221.0000000000002,.00613579471325104
1,1,.636969975062779,256,8,17000,1,4,1,1000,.990364546787967,sum_of_sum!,erase_clusters!,.03,0,0,2,32640,0,1,0,0,0,0
.996,1,.2502814701625279,256,8,17000,1,4,1,1000,.471984208711618,sum_of_sum!,erase_clusters!,.04,0,0,1,256,0,1,.0018879368348464736,.0037758736696929473,68.00000000000006,.0018879368348464736
1,1,.6336585453578404,256,8,17000,1,4,1,1000,.990364546787967,sum_of_sum!,erase_clusters!,.04,0,0,2,32640,0,1,0,0,0,0
.996,1,.25549016680036274,256,8,17000,1,4,1,1000,.471984208711618,sum_of_sum!,erase_clusters!,.05,0,0,1,256,0,1,.0018879368348464736,.0037758736696929473,68.00000000000006,.0018879368348464736
1,1,.6316359383719308,256,8,17000,1,4,1,1000,.990364546787967,sum_of_sum!,erase_clusters!,.05,0,0,2,32640,0,1,0,0,0,0
.04200000000000004,2.269,.2284344264439174,256,8,17000,1,4,4,1000,.471984208711618,sum_of_sum!,erase_clusters!,0,0,0,1,256,0,1,.45216087194573,.90432174389146,16286,.45216087194573
1,4,.6461388724190849,256,8,17000,1,4,4,1000,.990364546787967,sum_of_sum!,erase_clusters!,0,0,0,2,32640,0,1,0,0,0,0
.14900000000000002,2.619,.23377037048339844,256,8,17000,1,4,4,1000,.471984208711618,sum_of_sum!,erase_clusters!,.01,0,0,1,256,0,1,.40165856161358693,.8033171232271739,14467,.40165856161358693
1,4,.6431734902518136,256,8,17000,1,4,4,1000,.990364546787967,sum_of_sum!,erase_clusters!,.01,0,0,2,32640,0,1,0,0,0,0
.30200000000000005,2.952,.23935508728027344,256,8,17000,1,4,4,1000,.471984208711618,sum_of_sum!,erase_clusters!,.02,0,0,1,256,0,1,.32944497768070935,.6588899553614187,11866,.32944497768070935
1,4,.6398367200578962,256,8,17000,1,4,4,1000,.990364546787967,sum_of_sum!,erase_clusters!,.02,0,0,2,32640,0,1,0,0,0,0
.45399999999999996,3.279,.24491773332868302,256,8,17000,1,4,4,1000,.471984208711618,sum_of_sum!,erase_clusters!,.03,0,0,1,256,0,1,.25770337795654347,.5154067559130869,9282,.25770337795654347
1,4,.6365533556256976,256,8,17000,1,4,4,1000,.990364546787967,sum_of_sum!,erase_clusters!,.03,0,0,2,32640,0,1,0,0,0,0
.5760000000000001,3.507,.25005694798060824,256,8,17000,1,4,4,1000,.471984208711618,sum_of_sum!,erase_clusters!,.04,0,0,1,256,0,1,.200121304493726,.400242608987452,7207.999999999999,.200121304493726
1,4,.6343435559953962,256,8,17000,1,4,4,1000,.990364546787967,sum_of_sum!,erase_clusters!,.04,0,0,2,32640,0,1,0,0,0,0
.692,3.625,.2557345799037388,256,8,17000,1,4,4,1000,.471984208711618,sum_of_sum!,erase_clusters!,.05,0,0,1,256,0,1,.14537113628317838,.29074227256635676,5236.000000000001,.14537113628317838
1,4,.6313165937151227,256,8,17000,1,4,4,1000,.990364546787967,sum_of_sum!,erase_clusters!,.05,0,0,2,32640,0,1,0,0,0,0
.984,1,.2517106192452567,256,8,19000,1,4,1,1000,.5258502828521686,sum_of_sum!,erase_clusters!,0,0,0,1,256,0,1,.008413604525634706,.01682720905126941,304.0000000000003,.008413604525634706
1,1,.6868100847516742,256,8,19000,1,4,1,1000,1.1052165430551466,sum_of_sum!,erase_clusters!,0,0,0,2,32640,0,1,0,0,0,0
.994,1,.2564710889543806,256,8,19000,1,4,1,1000,.5258502828521686,sum_of_sum!,erase_clusters!,.01,0,0,1,256,0,1,.0031551016971130144,.006310203394226029,114.0000000000001,.0031551016971130144
1,1,.6829806736537388,256,8,19000,1,4,1,1000,1.1052165430551466,sum_of_sum!,erase_clusters!,.01,0,0,2,32640,0,1,0,0,0,0
.997,1,.26148905072893414,256,8,19000,1,4,1,1000,.5258502828521686,sum_of_sum!,erase_clusters!,.02,0,0,1,256,0,1,.0015775508485565072,.0031551016971130144,57.00000000000005,.0015775508485565072
1,1,.6791035788399833,256,8,19000,1,4,1,1000,1.1052165430551466,sum_of_sum!,erase_clusters!,.02,0,0,2,32640,0,1,0,0,0,0
.996,1,.2665391649518694,256,8,19000,1,4,1,1000,.5258502828521686,sum_of_sum!,erase_clusters!,.03,0,0,1,256,0,1,.0021034011314086764,.004206802262817353,76.00000000000007,.0021034011314086764
1,1,.6752967834472656,256,8,19000,1,4,1,1000,1.1052165430551466,sum_of_sum!,erase_clusters!,.03,0,0,2,32640,0,1,0,0,0,0
.999,1,.2715593065534319,256,8,19000,1,4,1,1000,.5258502828521686,sum_of_sum!,erase_clusters!,.04,0,0,1,256,0,1,.0005258502828521691,.0010517005657043382,19.000000000000018,.0005258502828521691
1,1,.6713033403669085,256,8,19000,1,4,1,1000,1.1052165430551466,sum_of_sum!,erase_clusters!,.04,0,0,2,32640,0,1,0,0,0,0
1,1,.2765587397984096,256,8,19000,1,4,1,1000,.5258502828521686,sum_of_sum!,erase_clusters!,.05,0,0,1,256,0,1,0,0,0,0
1,1,.6675684792654855,256,8,19000,1,4,1,1000,1.1052165430551466,sum_of_sum!,erase_clusters!,.05,0,0,2,32640,0,1,0,0,0,0
.124,2.712,.2517029898507254,256,8,19000,1,4,4,1000,.5258502828521686,sum_of_sum!,erase_clusters!,0,0,0,1,256,0,1,.46064484777849973,.9212896955569995,16644,.46064484777849973
1,4,.6868095397949219,256,8,19000,1,4,4,1000,1.1052165430551466,sum_of_sum!,erase_clusters!,0,0,0,2,32640,0,1,0,0,0,0
.268,3.007,.25662640162876676,256,8,19000,1,4,4,1000,.5258502828521686,sum_of_sum!,erase_clusters!,.01,0,0,1,256,0,1,.3849224070477874,.7698448140955748,13908,.3849224070477874
1,4,.6825648716517857,256,8,19000,1,4,4,1000,1.1052165430551466,sum_of_sum!,erase_clusters!,.01,0,0,2,32640,0,1,0,0,0,0
.474,3.324,.26134027753557476,256,8,19000,1,4,4,1000,.5258502828521686,sum_of_sum!,erase_clusters!,.02,0,0,1,256,0,1,.2765972487802407,.5531944975604814,9994,.2765972487802407
1,4,.6790733337402344,256,8,19000,1,4,4,1000,1.1052165430551466,sum_of_sum!,erase_clusters!,.02,0,0,2,32640,0,1,0,0,0,0
.585,3.528,.2666996547154018,256,8,19000,1,4,4,1000,.5258502828521686,sum_of_sum!,erase_clusters!,.03,0,0,1,256,0,1,.21822786738365,.4364557347673,7885.000000000001,.21822786738365
1,4,.6748409271240234,256,8,19000,1,4,4,1000,1.1052165430551466,sum_of_sum!,erase_clusters!,.03,0,0,2,32640,0,1,0,0,0,0
.727,3.715,.2717437744140625,256,8,19000,1,4,4,1000,.5258502828521686,sum_of_sum!,erase_clusters!,.04,0,0,1,256,0,1,.14355712721864206,.2871142544372841,5187,.14355712721864206
1,4,.6712853567940849,256,8,19000,1,4,4,1000,1.1052165430551466,sum_of_sum!,erase_clusters!,.04,0,0,2,32640,0,1,0,0,0,0
.808,3.807,.27662876674107145,256,8,19000,1,4,4,1000,.5258502828521686,sum_of_sum!,erase_clusters!,.05,0,0,1,256,0,1,.10096325430761635,.2019265086152327,3647.999999999999,.10096325430761635
1,4,.6675856454031808,256,8,19000,1,4,4,1000,1.1052165430551466,sum_of_sum!,erase_clusters!,.05,0,0,2,32640,0,1,0,0,0,0
.999,1,.3174018859863281,256,8,25000,1,4,1,1000,.6865141667715234,sum_of_sum!,erase_clusters!,0,0,0,1,256,0,1,.000686514166771524,.001373028333543048,25.00000000000002,.000686514166771524
1,1,.7828074863978794,256,8,25000,1,4,1,1000,1.4488381933543892,sum_of_sum!,erase_clusters!,0,0,0,2,32640,0,1,0,0,0,0
1,1,.320927483694894,256,8,25000,1,4,1,1000,.6865141667715234,sum_of_sum!,erase_clusters!,.01,0,0,1,256,0,1,0,0,0,0
1,1,.7767268589564732,256,8,25000,1,4,1,1000,1.4488381933543892,sum_of_sum!,erase_clusters!,.01,0,0,2,32640,0,1,0,0,0,0
1,1,.32440267290387836,256,8,25000,1,4,1,1000,.6865141667715234,sum_of_sum!,erase_clusters!,.02,0,0,1,256,0,1,0,0,0,0
1,1,.7712083544049945,256,8,25000,1,4,1,1000,1.4488381933543892,sum_of_sum!,erase_clusters!,.02,0,0,2,32640,0,1,0,0,0,0
1,1,.328155517578125,256,8,25000,1,4,1,1000,.6865141667715234,sum_of_sum!,erase_clusters!,.03,0,0,1,256,0,1,0,0,0,0
1,1,.7660481589181083,256,8,25000,1,4,1,1000,1.4488381933543892,sum_of_sum!,erase_clusters!,.03,0,0,2,32640,0,1,0,0,0,0
1,1,.3317969185965402,256,8,25000,1,4,1,1000,.6865141667715234,sum_of_sum!,erase_clusters!,.04,0,0,1,256,0,1,0,0,0,0
1,1,.7602599007742745,256,8,25000,1,4,1,1000,1.4488381933543892,sum_of_sum!,erase_clusters!,.04,0,0,2,32640,0,1,0,0,0,0
1,1,.33533832005092074,256,8,25000,1,4,1,1000,.6865141667715234,sum_of_sum!,erase_clusters!,.05,0,0,1,256,0,1,0,0,0,0
1,1,.7543716430664062,256,8,25000,1,4,1,1000,1.4488381933543892,sum_of_sum!,erase_clusters!,.05,0,0,2,32640,0,1,0,0,0,0
.694,3.789,.3169653756277902,256,8,25000,1,4,4,1000,.6865141667715234,sum_of_sum!,erase_clusters!,0,0,0,1,256,0,1,.2100733350320862,.4201466700641724,7650.000000000001,.2100733350320862
1,4,.782602037702288,256,8,25000,1,4,4,1000,1.4488381933543892,sum_of_sum!,erase_clusters!,0,0,0,2,32640,0,1,0,0,0,0
.8180000000000001,3.895,.32072666713169645,256,8,25000,1,4,4,1000,.6865141667715234,sum_of_sum!,erase_clusters!,.01,0,0,1,256,0,1,.12494557835241722,.24989115670483444,4549.999999999998,.12494557835241722
1,4,.7767007010323661,256,8,25000,1,4,4,1000,1.4488381933543892,sum_of_sum!,erase_clusters!,.01,0,0,2,32640,0,1,0,0,0,0
.879,3.936,.32440103803362164,256,8,25000,1,4,4,1000,.6865141667715234,sum_of_sum!,erase_clusters!,.02,0,0,1,256,0,1,.08306821417935434,.16613642835870868,3025,.08306821417935434
1,4,.7713132585797992,256,8,25000,1,4,4,1000,1.4488381933543892,sum_of_sum!,erase_clusters!,.02,0,0,2,32640,0,1,0,0,0,0
.9299999999999999,3.961,.32779557364327566,256,8,25000,1,4,4,1000,.6865141667715234,sum_of_sum!,erase_clusters!,.03,0,0,1,256,0,1,.04805599167400668,.09611198334801337,1750.0000000000016,.04805599167400668
1,4,.7658492497035435,256,8,25000,1,4,4,1000,1.4488381933543892,sum_of_sum!,erase_clusters!,.03,0,0,2,32640,0,1,0,0,0,0
.96,3.975,.33190808977399555,256,8,25000,1,4,4,1000,.6865141667715234,sum_of_sum!,erase_clusters!,.04,0,0,1,256,0,1,.027460566670860963,.054921133341721926,1000.0000000000009,.027460566670860963
1,4,.7599656241280692,256,8,25000,1,4,4,1000,1.4488381933543892,sum_of_sum!,erase_clusters!,.04,0,0,2,32640,0,1,0,0,0,0
.983,3.991,.33549608503069195,256,8,25000,1,4,4,1000,.6865141667715234,sum_of_sum!,erase_clusters!,.05,0,0,1,256,0,1,.01167074083511591,.02334148167023182,425.0000000000004,.01167074083511591
1,4,.7542945316859654,256,8,25000,1,4,4,1000,1.4488381933543892,sum_of_sum!,erase_clusters!,.05,0,0,2,32640,0,1,0,0,0,0
.357,1,.14152417864118302,256,8,10000,1,4,1,1000,.2818096031213518,sum_of_sum!,erase_clusters!,0,0,0,1,256,0,1,.1812035748070292,.3624071496140584,6430,.1812035748070292
.878,1,.4567963736397879,256,8,10000,1,4,1,1000,.5867392137544982,sum_of_sum!,erase_clusters!,0,0,0,2,32640,0,1,.07158218407804878,.14316436815609757,1220,.07158218407804878
.556,1,.14877946036202566,256,8,10000,1,4,1,1000,.2818096031213518,sum_of_sum!,erase_clusters!,.01,0,0,1,256,0,1,.12512346378588018,.25024692757176037,4439.999999999999,.12512346378588018
.971,1,.4577064514160156,256,8,10000,1,4,1,1000,.5867392137544982,sum_of_sum!,erase_clusters!,.01,0,0,2,32640,0,1,.017015437198880462,.034030874397760924,290.0000000000003,.017015437198880462
.688,1,.15593555995396205,256,8,10000,1,4,1,1000,.2818096031213518,sum_of_sum!,erase_clusters!,.02,0,0,1,256,0,1,.08792459617386177,.17584919234772353,3120.0000000000005,.08792459617386177
.991,1,.4584704807826451,256,8,10000,1,4,1,1000,.5867392137544982,sum_of_sum!,erase_clusters!,.02,0,0,2,32640,0,1,.005280652923790489,.010561305847580978,90.00000000000009,.005280652923790489
.773,1,.162975583757673,256,8,10000,1,4,1,1000,.2818096031213518,sum_of_sum!,erase_clusters!,.03,0,0,1,256,0,1,.06397077990854685,.1279415598170937,2270,.06397077990854685
.995,1,.4593135288783482,256,8,10000,1,4,1,1000,.5867392137544982,sum_of_sum!,erase_clusters!,.03,0,0,2,32640,0,1,.0029336960687724937,.0058673921375449875,50.00000000000004,.0029336960687724937
.847,1,.17024448939732142,256,8,10000,1,4,1,1000,.2818096031213518,sum_of_sum!,erase_clusters!,.04,0,0,1,256,0,1,.04311686927756683,.08623373855513367,1530.0000000000002,.04311686927756683
.998,1,.46005821228027344,256,8,10000,1,4,1,1000,.5867392137544982,sum_of_sum!,erase_clusters!,.04,0,0,2,32640,0,1,.0011734784275089975,.002346956855017995,20.000000000000018,.0011734784275089975
.911,1,.17699132646833146,256,8,10000,1,4,1,1000,.2818096031213518,sum_of_sum!,erase_clusters!,.05,0,0,1,256,0,1,.0250810546778003,.0501621093556006,889.9999999999997,.0250810546778003
1,1,.4612963540213449,256,8,10000,1,4,1,1000,.5867392137544982,sum_of_sum!,erase_clusters!,.05,0,0,2,32640,0,1,0,0,0,0
.0010000000000000009,1.391,.14156396048409597,256,8,10000,1,4,4,1000,.2818096031213518,sum_of_sum!,erase_clusters!,0,0,0,1,256,0,1,.28152779351823043,.5630555870364609,9990,.28152779351823043
.041000000000000036,2.18,.45678492954799105,256,8,10000,1,4,4,1000,.5867392137544982,sum_of_sum!,erase_clusters!,0,0,0,2,32640,0,1,.5626829059905638,1.1253658119811276,9590,.5626829059905638
.01200000000000001,1.563,.148547853742327,256,8,10000,1,4,4,1000,.2818096031213518,sum_of_sum!,erase_clusters!,.01,0,0,1,256,0,1,.27842788788389555,.5568557757677911,9880,.27842788788389555
.254,2.931,.4577358790806362,256,8,10000,1,4,4,1000,.5867392137544982,sum_of_sum!,erase_clusters!,.01,0,0,2,32640,0,1,.43770745346085566,.8754149069217113,7460,.43770745346085566
.039000000000000035,1.862,.1557600838797433,256,8,10000,1,4,4,1000,.2818096031213518,sum_of_sum!,erase_clusters!,.02,0,0,1,256,0,1,.27081902859961904,.5416380571992381,9610,.27081902859961904
.492,3.402,.45847783769880024,256,8,10000,1,4,4,1000,.5867392137544982,sum_of_sum!,erase_clusters!,.02,0,0,2,32640,0,1,.2980635205872851,.5961270411745702,5080,.2980635205872851
.08199999999999996,2.094,.16318321228027344,256,8,10000,1,4,4,1000,.2818096031213518,sum_of_sum!,erase_clusters!,.03,0,0,1,256,0,1,.25870121566540094,.5174024313308019,9180,.25870121566540094
.6910000000000001,3.722,.4599244253976004,256,8,10000,1,4,4,1000,.5867392137544982,sum_of_sum!,erase_clusters!,.03,0,0,2,32640,0,1,.1813024170501399,.3626048341002798,3089.9999999999995,.1813024170501399
.121,2.276,.1700592041015625,256,8,10000,1,4,4,1000,.2818096031213518,sum_of_sum!,erase_clusters!,.04,0,0,1,256,0,1,.24771064114366823,.49542128228733645,8790,.24771064114366823
.837,3.86,.4603331429617746,256,8,10000,1,4,4,1000,.5867392137544982,sum_of_sum!,erase_clusters!,.04,0,0,2,32640,0,1,.09563849184198323,.19127698368396645,1630.0000000000002,.09563849184198323
.21699999999999997,2.613,.17722456795828684,256,8,10000,1,4,4,1000,.2818096031213518,sum_of_sum!,erase_clusters!,.05,0,0,1,256,0,1,.22065691924401845,.4413138384880369,7830,.22065691924401845
.911,3.936,.4612595694405692,256,8,10000,1,4,4,1000,.5867392137544982,sum_of_sum!,erase_clusters!,.05,0,0,2,32640,0,1,.05221979002415032,.10443958004830065,889.9999999999997,.05221979002415032
.5449999999999999,1,.16724722726004465,256,8,12000,1,4,1,1000,.33645141523928024,sum_of_sum!,erase_clusters!,0,0,0,1,256,0,1,.15308539393387252,.30617078786774504,5460.000000000001,.15308539393387252
.993,1,.5192446027483258,256,8,12000,1,4,1,1000,.7023669479990559,sum_of_sum!,erase_clusters!,0,0,0,2,32640,0,1,.004916568635993396,.009833137271986791,84.00000000000007,.004916568635993396
.7090000000000001,1,.1737011500767299,256,8,12000,1,4,1,1000,.33645141523928024,sum_of_sum!,erase_clusters!,.01,0,0,1,256,0,1,.09790736183463053,.19581472366926106,3491.999999999999,.09790736183463053
1,1,.5192279815673828,256,8,12000,1,4,1,1000,.7023669479990559,sum_of_sum!,erase_clusters!,.01,0,0,2,32640,0,1,0,0,0,0
.806,1,.180755615234375,256,8,12000,1,4,1,1000,.33645141523928024,sum_of_sum!,erase_clusters!,.02,0,0,1,256,0,1,.06527157455642035,.1305431491128407,2327.9999999999995,.06527157455642035
1,1,.5184718540736607,256,8,12000,1,4,1,1000,.7023669479990559,sum_of_sum!,erase_clusters!,.02,0,0,2,32640,0,1,0,0,0,0
.88,1,.18736049107142858,256,8,12000,1,4,1,1000,.33645141523928024,sum_of_sum!,erase_clusters!,.03,0,0,1,256,0,1,.04037416982871363,.08074833965742725,1440,.04037416982871363
1,1,.5180729457310268,256,8,12000,1,4,1,1000,.7023669479990559,sum_of_sum!,erase_clusters!,.03,0,0,2,32640,0,1,0,0,0,0
.924,1,.1940070561000279,256,8,12000,1,4,1,1000,.33645141523928024,sum_of_sum!,erase_clusters!,.04,0,0,1,256,0,1,.025570307558185283,.051140615116370566,911.9999999999994,.025570307558185283
1,1,.5179639543805804,256,8,12000,1,4,1,1000,.7023669479990559,sum_of_sum!,erase_clusters!,.04,0,0,2,32640,0,1,0,0,0,0
.96,1,.20037405831473215,256,8,12000,1,4,1,1000,.33645141523928024,sum_of_sum!,erase_clusters!,.05,0,0,1,256,0,1,.013458056609571221,.026916113219142442,480.00000000000045,.013458056609571221
1,1,.5171887534005302,256,8,12000,1,4,1,1000,.7023669479990559,sum_of_sum!,erase_clusters!,.05,0,0,2,32640,0,1,0,0,0,0
.0050000000000000044,1.622,.16725812639508927,256,8,12000,1,4,4,1000,.33645141523928024,sum_of_sum!,erase_clusters!,0,0,0,1,256,0,1,.33476915816308384,.6695383163261677,11940,.33476915816308384
.30600000000000005,3.262,.5194048200334821,256,8,12000,1,4,4,1000,.7023669479990559,sum_of_sum!,erase_clusters!,0,0,0,2,32640,0,1,.4874426619113447,.9748853238226894,8328,.4874426619113447
.027000000000000024,1.826,.17406436375209264,256,8,12000,1,4,4,1000,.33645141523928024,sum_of_sum!,erase_clusters!,.01,0,0,1,256,0,1,.3273672270278197,.6547344540556393,11676,.3273672270278197
.6970000000000001,3.717,.5188407897949219,256,8,12000,1,4,4,1000,.7023669479990559,sum_of_sum!,erase_clusters!,.01,0,0,2,32640,0,1,.21281718524371387,.42563437048742775,3635.999999999999,.21281718524371387
.052000000000000046,2.046,.1807825905936105,256,8,12000,1,4,4,1000,.33645141523928024,sum_of_sum!,erase_clusters!,.02,0,0,1,256,0,1,.31895594164683766,.6379118832936753,11376,.31895594164683766
.888,3.907,.5186892918178013,256,8,12000,1,4,4,1000,.7023669479990559,sum_of_sum!,erase_clusters!,.02,0,0,2,32640,0,1,.07866509817589425,.1573301963517885,1343.9999999999998,.07866509817589425
.14,2.396,.18720436096191406,256,8,12000,1,4,4,1000,.33645141523928024,sum_of_sum!,erase_clusters!,.03,0,0,1,256,0,1,.289348217105781,.578696434211562,10320,.289348217105781
.952,3.965,.518395015171596,256,8,12000,1,4,4,1000,.7023669479990559,sum_of_sum!,erase_clusters!,.03,0,0,2,32640,0,1,.03371361350395471,.06742722700790942,576.0000000000005,.03371361350395471
.22799999999999998,2.736,.19386863708496094,256,8,12000,1,4,4,1000,.33645141523928024,sum_of_sum!,erase_clusters!,.04,0,0,1,256,0,1,.25974049256472437,.5194809851294487,9264,.25974049256472437
.989,3.995,.5175794873918805,256,8,12000,1,4,4,1000,.7023669479990559,sum_of_sum!,erase_clusters!,.04,0,0,2,32640,0,1,.0077260364279896215,.015452072855979243,132.0000000000001,.0077260364279896215
.32299999999999995,2.928,.2005329132080078,256,8,12000,1,4,4,1000,.33645141523928024,sum_of_sum!,erase_clusters!,.05,0,0,1,256,0,1,.22777760811699274,.4555552162339855,8124.000000000001,.22777760811699274
.995,3.996,.5174151829310826,256,8,12000,1,4,4,1000,.7023669479990559,sum_of_sum!,erase_clusters!,.05,0,0,2,32640,0,1,.003511834739995282,.007023669479990564,60.00000000000006,.003511834739995282
.786,1,.19252450125558035,256,8,14000,1,4,1,1000,.3908299315893578,sum_of_sum!,erase_clusters!,0,0,0,1,256,0,1,.08363760536012256,.16727521072024512,2995.9999999999995,.08363760536012256
1,1,.5743538992745536,256,8,14000,1,4,1,1000,.8177313864757628,sum_of_sum!,erase_clusters!,0,0,0,2,32640,0,1,0,0,0,0
.862,1,.1984152112688337,256,8,14000,1,4,1,1000,.3908299315893578,sum_of_sum!,erase_clusters!,.01,0,0,1,256,0,1,.05393453055933138,.10786906111866276,1932.0000000000002,.05393453055933138
1,1,.5729307447160993,256,8,14000,1,4,1,1000,.8177313864757628,sum_of_sum!,erase_clusters!,.01,0,0,2,32640,0,1,0,0,0,0
.91,1,.2044555119105748,256,8,14000,1,4,1,1000,.3908299315893578,sum_of_sum!,erase_clusters!,.02,0,0,1,256,0,1,.03517469384304219,.07034938768608438,1259.9999999999995,.03517469384304219
1,1,.5718040466308594,256,8,14000,1,4,1,1000,.8177313864757628,sum_of_sum!,erase_clusters!,.02,0,0,2,32640,0,1,0,0,0,0
.944,1,.2109154292515346,256,8,14000,1,4,1,1000,.3908299315893578,sum_of_sum!,erase_clusters!,.03,0,0,1,256,0,1,.021886476169004056,.04377295233800811,784.0000000000007,.021886476169004056
1,1,.570052010672433,256,8,14000,1,4,1,1000,.8177313864757628,sum_of_sum!,erase_clusters!,.03,0,0,2,32640,0,1,0,0,0,0
.974,1,.21705382210867746,256,8,14000,1,4,1,1000,.3908299315893578,sum_of_sum!,erase_clusters!,.04,0,0,1,256,0,1,.010161578221323311,.020323156442646623,364.00000000000034,.010161578221323311
1,1,.5684615543910435,256,8,14000,1,4,1,1000,.8177313864757628,sum_of_sum!,erase_clusters!,.04,0,0,2,32640,0,1,0,0,0,0
.982,1,.2232428959437779,256,8,14000,1,4,1,1000,.3908299315893578,sum_of_sum!,erase_clusters!,.05,0,0,1,256,0,1,.007034938768608447,.014069877537216894,252.00000000000023,.007034938768608447
1,1,.5672073364257812,256,8,14000,1,4,1,1000,.8177313864757628,sum_of_sum!,erase_clusters!,.05,0,0,2,32640,0,1,0,0,0,0
.013000000000000012,1.835,.19246455601283483,256,8,14000,1,4,4,1000,.3908299315893578,sum_of_sum!,erase_clusters!,0,0,0,1,256,0,1,.3857491424786961,.7714982849573923,13818,.3857491424786961
.895,3.955,.574723379952567,256,8,14000,1,4,4,1000,.8177313864757628,sum_of_sum!,erase_clusters!,0,0,0,2,32640,0,1,.08586179557995509,.17172359115991018,1469.9999999999998,.08586179557995509
.061000000000000054,2.155,.1985217503138951,256,8,14000,1,4,4,1000,.3908299315893578,sum_of_sum!,erase_clusters!,.01,0,0,1,256,0,1,.36698930576240696,.7339786115248139,13146,.36698930576240696
.968,3.988,.5731781550816127,256,8,14000,1,4,4,1000,.8177313864757628,sum_of_sum!,erase_clusters!,.01,0,0,2,32640,0,1,.026167404367224433,.052334808734448866,448.0000000000004,.026167404367224433
.14400000000000002,2.448,.20466559273856028,256,8,14000,1,4,4,1000,.3908299315893578,sum_of_sum!,erase_clusters!,.02,0,0,1,256,0,1,.3345504214404903,.6691008428809806,11984,.3345504214404903
.993,3.996,.5713789803641183,256,8,14000,1,4,4,1000,.8177313864757628,sum_of_sum!,erase_clusters!,.02,0,0,2,32640,0,1,.005724119705330345,.01144823941066069,98.00000000000009,.005724119705330345
.21599999999999997,2.695,.21061951773507254,256,8,14000,1,4,4,1000,.3908299315893578,sum_of_sum!,erase_clusters!,.03,0,0,1,256,0,1,.3064106663660565,.612821332732113,10976,.3064106663660565
.996,3.998,.5702114105224609,256,8,14000,1,4,4,1000,.8177313864757628,sum_of_sum!,erase_clusters!,.03,0,0,2,32640,0,1,.003270925545903054,.006541851091806108,56.00000000000005,.003270925545903054
.33999999999999997,3.002,.2168243953159877,256,8,14000,1,4,4,1000,.3908299315893578,sum_of_sum!,erase_clusters!,.04,0,0,1,256,0,1,.25794775484897614,.5158955096979523,9240,.25794775484897614
1,4,.5688705444335938,256,8,14000,1,4,4,1000,.8177313864757628,sum_of_sum!,erase_clusters!,.04,0,0,2,32640,0,1,0,0,0,0
.499,3.281,.22317123413085938,256,8,14000,1,4,4,1000,.3908299315893578,sum_of_sum!,erase_clusters!,.05,0,0,1,256,0,1,.19580579572626827,.39161159145253654,7014,.19580579572626827
1,4,.5671452113560268,256,8,14000,1,4,4,1000,.8177313864757628,sum_of_sum!,erase_clusters!,.05,0,0,2,32640,0,1,0,0,0,0
.9,1,.2163728986467634,256,8,16000,1,4,1,1000,.44498304718312215,sum_of_sum!,erase_clusters!,0,0,0,1,256,0,1,.044498304718312204,.08899660943662441,1599.9999999999995,.044498304718312204
1,1,.6237079075404576,256,8,16000,1,4,1,1000,.9328704241961564,sum_of_sum!,erase_clusters!,0,0,0,2,32640,0,1,0,0,0,0
.9390000000000001,1,.2224595206124442,256,8,16000,1,4,1,1000,.44498304718312215,sum_of_sum!,erase_clusters!,.01,0,0,1,256,0,1,.027143965878170424,.05428793175634085,975.9999999999991,.027143965878170424
1,1,.6212403433663505,256,8,16000,1,4,1,1000,.9328704241961564,sum_of_sum!,erase_clusters!,.01,0,0,2,32640,0,1,0,0,0,0
.969,1,.2280052730015346,256,8,16000,1,4,1,1000,.44498304718312215,sum_of_sum!,erase_clusters!,.02,0,0,1,256,0,1,.013794474462676799,.027588948925353598,496.00000000000045,.013794474462676799
1,1,.6184395381382534,256,8,16000,1,4,1,1000,.9328704241961564,sum_of_sum!,erase_clusters!,.02,0,0,2,32640,0,1,0,0,0,0
.983,1,.23376846313476562,256,8,16000,1,4,1,1000,.44498304718312215,sum_of_sum!,erase_clusters!,.03,0,0,1,256,0,1,.007564711802113083,.015129423604226167,272.0000000000002,.007564711802113083
1,1,.6161586216517857,256,8,16000,1,4,1,1000,.9328704241961564,sum_of_sum!,erase_clusters!,.03,0,0,2,32640,0,1,0,0,0,0
.987,1,.23939922877720424,256,8,16000,1,4,1,1000,.44498304718312215,sum_of_sum!,erase_clusters!,.04,0,0,1,256,0,1,.005784779613380593,.011569559226761186,208.00000000000017,.005784779613380593
1,1,.613518306187221,256,8,16000,1,4,1,1000,.9328704241961564,sum_of_sum!,erase_clusters!,.04,0,0,2,32640,0,1,0,0,0,0
.994,1,.24511827741350448,256,8,16000,1,4,1,1000,.44498304718312215,sum_of_sum!,erase_clusters!,.05,0,0,1,256,0,1,.0026698982830987354,.005339796566197471,96.00000000000009,.0026698982830987354
1,1,.6111480167933873,256,8,16000,1,4,1,1000,.9328704241961564,sum_of_sum!,erase_clusters!,.05,0,0,2,32640,0,1,0,0,0,0
.03400000000000003,2.109,.21666336059570312,256,8,16000,1,4,4,1000,.44498304718312215,sum_of_sum!,erase_clusters!,0,0,0,1,256,0,1,.429853623578896,.859707247157792,15456,.429853623578896
.999,4,.6236223493303571,256,8,16000,1,4,4,1000,.9328704241961564,sum_of_sum!,erase_clusters!,0,0,0,2,32640,0,1,.0009328704241961572,.0018657408483923144,16.000000000000014,.0009328704241961572
.119,2.485,.2224390847342355,256,8,16000,1,4,4,1000,.44498304718312215,sum_of_sum!,erase_clusters!,.01,0,0,1,256,0,1,.3920300645683306,.7840601291366612,14096,.3920300645683306
.997,3.999,.6210711342947823,256,8,16000,1,4,4,1000,.9328704241961564,sum_of_sum!,erase_clusters!,.01,0,0,2,32640,0,1,.0027986112725884717,.005597222545176943,48.00000000000004,.0027986112725884717
.22099999999999997,2.778,.22803824288504465,256,8,16000,1,4,4,1000,.44498304718312215,sum_of_sum!,erase_clusters!,.02,0,0,1,256,0,1,.3466417937556522,.6932835875113044,12464,.3466417937556522
1,4,.6185670580182757,256,8,16000,1,4,4,1000,.9328704241961564,sum_of_sum!,erase_clusters!,.02,0,0,2,32640,0,1,0,0,0,0
.371,3.115,.23361260550362722,256,8,16000,1,4,4,1000,.44498304718312215,sum_of_sum!,erase_clusters!,.03,0,0,1,256,0,1,.2798943366781838,.5597886733563676,10064,.2798943366781838
1,4,.6160406385149274,256,8,16000,1,4,4,1000,.9328704241961564,sum_of_sum!,erase_clusters!,.03,0,0,2,32640,0,1,0,0,0,0
.552,3.414,.23946026393345424,256,8,16000,1,4,4,1000,.44498304718312215,sum_of_sum!,erase_clusters!,.04,0,0,1,256,0,1,.1993524051380387,.3987048102760774,7167.999999999999,.1993524051380387
1,4,.6132665361676898,256,8,16000,1,4,4,1000,.9328704241961564,sum_of_sum!,erase_clusters!,.04,0,0,2,32640,0,1,0,0,0,0
.617,3.506,.2452531542096819,256,8,16000,1,4,4,1000,.44498304718312215,sum_of_sum!,erase_clusters!,.05,0,0,1,256,0,1,.1704285070711358,.3408570141422716,6128,.1704285070711358
1,4,.6106281280517578,256,8,16000,1,4,4,1000,.9328704241961564,sum_of_sum!,erase_clusters!,.05,0,0,2,32640,0,1,0,0,0,0
.96,1,.24033737182617188,256,8,18000,1,4,1,1000,.4989390960966496,sum_of_sum!,erase_clusters!,0,0,0,1,256,0,1,.019957563843866002,.039915127687732005,720.0000000000007,.019957563843866002
1,1,.6665992736816406,256,8,18000,1,4,1,1000,1.047812395236313,sum_of_sum!,erase_clusters!,0,0,0,2,32640,0,1,0,0,0,0
.986,1,.2450340815952846,256,8,18000,1,4,1,1000,.4989390960966496,sum_of_sum!,erase_clusters!,.01,0,0,1,256,0,1,.006985147345353101,.013970294690706202,252.00000000000023,.006985147345353101
1,1,.6632652282714844,256,8,18000,1,4,1,1000,1.047812395236313,sum_of_sum!,erase_clusters!,.01,0,0,2,32640,0,1,0,0,0,0
.989,1,.250751222882952,256,8,18000,1,4,1,1000,.4989390960966496,sum_of_sum!,erase_clusters!,.02,0,0,1,256,0,1,.005488330057063151,.010976660114126301,198.00000000000017,.005488330057063151
1,1,.6598151070731026,256,8,18000,1,4,1,1000,1.047812395236313,sum_of_sum!,erase_clusters!,.02,0,0,2,32640,0,1,0,0,0,0
.993,1,.2558403015136719,256,8,18000,1,4,1,1000,.4989390960966496,sum_of_sum!,erase_clusters!,.03,0,0,1,256,0,1,.0034925736726765504,.006985147345353101,126.00000000000011,.0034925736726765504
1,1,.6567134857177734,256,8,18000,1,4,1,1000,1.047812395236313,sum_of_sum!,erase_clusters!,.03,0,0,2,32640,0,1,0,0,0,0
.995,1,.2609590802873884,256,8,18000,1,4,1,1000,.4989390960966496,sum_of_sum!,erase_clusters!,.04,0,0,1,256,0,1,.0024946954804832503,.004989390960966501,90.00000000000009,.0024946954804832503
1,1,.6530835287911552,256,8,18000,1,4,1,1000,1.047812395236313,sum_of_sum!,erase_clusters!,.04,0,0,2,32640,0,1,0,0,0,0
.997,1,.2662552424839565,256,8,18000,1,4,1,1000,.4989390960966496,sum_of_sum!,erase_clusters!,.05,0,0,1,256,0,1,.0014968172882899502,.0029936345765799004,54.00000000000005,.0014968172882899502
1,1,.6498808179582868,256,8,18000,1,4,1,1000,1.047812395236313,sum_of_sum!,erase_clusters!,.05,0,0,2,32640,0,1,0,0,0,0
.07499999999999996,2.476,.23992211478097097,256,8,18000,1,4,4,1000,.4989390960966496,sum_of_sum!,erase_clusters!,0,0,0,1,256,0,1,.4615186638894009,.9230373277788018,16650,.4615186638894009
1,4,.6665851048060826,256,8,18000,1,4,4,1000,1.047812395236313,sum_of_sum!,erase_clusters!,0,0,0,2,32640,0,1,0,0,0,0
.22899999999999998,2.871,.24523489815848215,256,8,18000,1,4,4,1000,.4989390960966496,sum_of_sum!,erase_clusters!,.01,0,0,1,256,0,1,.38468204309051685,.7693640861810337,13878,.38468204309051685
1,4,.6630066462925502,256,8,18000,1,4,4,1000,1.047812395236313,sum_of_sum!,erase_clusters!,.01,0,0,2,32640,0,1,0,0,0,0
.383,3.169,.25061661856515066,256,8,18000,1,4,4,1000,.4989390960966496,sum_of_sum!,erase_clusters!,.02,0,0,1,256,0,1,.3078454222916328,.6156908445832656,11106,.3078454222916328
1,4,.6601159232003349,256,8,18000,1,4,4,1000,1.047812395236313,sum_of_sum!,erase_clusters!,.02,0,0,2,32640,0,1,0,0,0,0
.512,3.401,.25577545166015625,256,8,18000,1,4,4,1000,.4989390960966496,sum_of_sum!,erase_clusters!,.03,0,0,1,256,0,1,.243482278895165,.48696455779033,8784,.243482278895165
1,4,.6567420959472656,256,8,18000,1,4,4,1000,1.047812395236313,sum_of_sum!,erase_clusters!,.03,0,0,2,32640,0,1,0,0,0,0
.633,3.579,.2607282911028181,256,8,18000,1,4,4,1000,.4989390960966496,sum_of_sum!,erase_clusters!,.04,0,0,1,256,0,1,.1831106482674704,.3662212965349408,6606,.1831106482674704
1,4,.6531058720179966,256,8,18000,1,4,4,1000,1.047812395236313,sum_of_sum!,erase_clusters!,.04,0,0,2,32640,0,1,0,0,0,0
.75,3.745,.26599747794015066,256,8,18000,1,4,4,1000,.4989390960966496,sum_of_sum!,erase_clusters!,.05,0,0,1,256,0,1,.1247347740241624,.2494695480483248,4500,.1247347740241624
1,4,.6497328622000558,256,8,18000,1,4,4,1000,1.047812395236313,sum_of_sum!,erase_clusters!,.05,0,0,2,32640,0,1,0,0,0,0
.991,1,.2631699698311942,256,8,20000,1,4,1,1000,.5527200711980608,sum_of_sum!,erase_clusters!,0,0,0,1,256,0,1,.004974480640782551,.009948961281565102,180.00000000000017,.004974480640782551
1,1,.7052127293178013,256,8,20000,1,4,1,1000,1.1625792924643537,sum_of_sum!,erase_clusters!,0,0,0,2,32640,0,1,0,0,0,0
.993,1,.268040520804269,256,8,20000,1,4,1,1000,.5527200711980608,sum_of_sum!,erase_clusters!,.01,0,0,1,256,0,1,.0038690404983864287,.0077380809967728574,140.0000000000001,.0038690404983864287
1,1,.7009247371128627,256,8,20000,1,4,1,1000,1.1625792924643537,sum_of_sum!,erase_clusters!,.01,0,0,2,32640,0,1,0,0,0,0
.996,1,.272648675101144,256,8,20000,1,4,1,1000,.5527200711980608,sum_of_sum!,erase_clusters!,.02,0,0,1,256,0,1,.002210880284792245,.00442176056958449,80.00000000000007,.002210880284792245
