errorrate,iterations,density,l,c,m,gamma,erasures,maxiterations,tests,efficiency,fsum,fcorrupt,pcons,pdes,diffusion,degree,activities,alphabetsize,winners
0,1.008,.015145238240559895,256,16,1000,0,12,4,1000,.015135983240170531,sum_of_sum!,erase_clusters!,1,0,1,0,1,256,0
.0020000000000000018,1.841,.015143203735351562,256,16,1000,0,12,4,1000,.015135983240170531,sum_of_sum!,corrupt_clusters!,1,0,1,0,1,256,0
0,1,.015139007568359375,256,16,1000,0,12,4,1000,.015135983240170531,sum_of_max!,erase_clusters!,1,0,1,0,1,256,0
1,4,.015146891276041666,256,16,1000,0,12,4,1000,.015135983240170531,sum_of_max!,corrupt_clusters!,1,0,1,0,1,256,0
0,1.005,.01514129638671875,256,16,1000,0,12,4,1000,.015135983240170531,sum_of_sum!,erase_clusters!,1,0,1,0,1,256,1
0,1.837,.015139007568359375,256,16,1000,0,12,4,1000,.015135983240170531,sum_of_sum!,corrupt_clusters!,1,0,1,0,1,256,1
0,1.001,.015148544311523437,256,16,1000,0,12,4,1000,.015135983240170531,sum_of_max!,erase_clusters!,1,0,1,0,1,256,1
1,4,.015138880411783854,256,16,1000,0,12,4,1000,.015135983240170531,sum_of_max!,corrupt_clusters!,1,0,1,0,1,256,1
0,1,.05923131306966146,256,16,1000,0,12,4,1000,.02936603173638403,sum_of_sum!,erase_clusters!,1,0,1,0,2,32640,0
0,1.981,.05922431945800781,256,16,1000,0,12,4,1000,.02936603173638403,sum_of_sum!,corrupt_clusters!,1,0,1,0,2,32640,0
0,1,.05919723510742188,256,16,1000,0,12,4,1000,.02936603173638403,sum_of_max!,erase_clusters!,1,0,1,0,2,32640,0
1,4,.059234873453776045,256,16,1000,0,12,4,1000,.02936603173638403,sum_of_max!,corrupt_clusters!,1,0,1,0,2,32640,0
0,1,.05921529134114583,256,16,1000,0,12,4,1000,.02936603173638403,sum_of_sum!,erase_clusters!,1,0,1,0,2,32640,1
0,2.829,.059218215942382815,256,16,1000,0,12,4,1000,.02936603173638403,sum_of_sum!,corrupt_clusters!,1,0,1,0,2,32640,1
1,4,.05920244852701823,256,16,1000,0,12,4,1000,.02936603173638403,sum_of_max!,erase_clusters!,1,0,1,0,2,32640,1
0,1.003,.015144093831380209,256,16,1000,0,12,4,1000,.015135983240170531,sum_of_sum!,erase_clusters!,1,0,1,0,1,256,0
0,1.841,.015144729614257812,256,16,1000,0,12,4,1000,.015135983240170531,sum_of_sum!,corrupt_clusters!,1,0,1,0,1,256,0
0,1.002,.015147145589192708,256,16,1000,0,12,4,1000,.015135983240170531,sum_of_max!,erase_clusters!,1,0,1,0,1,256,0
1,4,.015147527058919271,256,16,1000,0,12,4,1000,.015135983240170531,sum_of_max!,corrupt_clusters!,1,0,1,0,1,256,0
0,1.004,.015150324503580729,256,16,1000,0,12,4,1000,.015135983240170531,sum_of_sum!,erase_clusters!,1,0,1,0,1,256,1
0,1.842,.015137608846028645,256,16,1000,0,12,4,1000,.015135983240170531,sum_of_sum!,corrupt_clusters!,1,0,1,0,1,256,1
0,1,.015145619710286459,256,16,1000,0,12,4,1000,.015135983240170531,sum_of_max!,erase_clusters!,1,0,1,0,1,256,1
1,4,.015143458048502605,256,16,1000,0,12,4,1000,.015135983240170531,sum_of_max!,corrupt_clusters!,1,0,1,0,1,256,1
0,1,.059196217854817705,256,16,1000,0,12,4,1000,.02936603173638403,sum_of_sum!,erase_clusters!,1,0,1,0,2,32640,0
0,1.979,.05921160380045573,256,16,1000,0,12,4,1000,.02936603173638403,sum_of_sum!,corrupt_clusters!,1,0,1,0,2,32640,0
0,1,.059203847249348955,256,16,1000,0,12,4,1000,.02936603173638403,sum_of_max!,erase_clusters!,1,0,1,0,2,32640,0
1,4,.059208043416341144,256,16,1000,0,12,4,1000,.02936603173638403,sum_of_max!,corrupt_clusters!,1,0,1,0,2,32640,0
0,1,.05921923319498698,256,16,1000,0,12,4,1000,.02936603173638403,sum_of_sum!,erase_clusters!,1,0,1,0,2,32640,1
0,2.835,.05919443766276042,256,16,1000,0,12,4,1000,.02936603173638403,sum_of_sum!,corrupt_clusters!,1,0,1,0,2,32640,1
1,4,.05922991434733073,256,16,1000,0,12,4,1000,.02936603173638403,sum_of_max!,erase_clusters!,1,0,1,0,2,32640,1
1,4,.05922559102376302,256,16,1000,0,12,4,1000,.02936603173638403,sum_of_max!,corrupt_clusters!,1,0,1,0,2,32640,1
0,1.195,.015143966674804688,256,16,1000,0,13,4,1000,.015135983240170531,sum_of_sum!,erase_clusters!,1,0,1,0,1,256,0
.018000000000000016,2.062,.015152740478515624,256,16,1000,0,13,4,1000,.015135983240170531,sum_of_sum!,corrupt_clusters!,1,0,1,0,1,256,0
0,1.015,.015133539835611979,256,16,1000,0,13,4,1000,.015135983240170531,sum_of_max!,erase_clusters!,1,0,1,0,1,256,0
1,4,.015138626098632812,256,16,1000,0,13,4,1000,.015135983240170531,sum_of_max!,corrupt_clusters!,1,0,1,0,1,256,0
0,1.203,.015143712361653646,256,16,1000,0,13,4,1000,.015135983240170531,sum_of_sum!,erase_clusters!,1,0,1,0,1,256,1
.009000000000000008,2.049,.015141932169596355,256,16,1000,0,13,4,1000,.015135983240170531,sum_of_sum!,corrupt_clusters!,1,0,1,0,1,256,1
0,1.016,.015142059326171875,256,16,1000,0,13,4,1000,.015135983240170531,sum_of_max!,erase_clusters!,1,0,1,0,1,256,1
1,4,.015146382649739583,256,16,1000,0,13,4,1000,.015135983240170531,sum_of_max!,corrupt_clusters!,1,0,1,0,1,256,1
0,1.012,.05923411051432292,256,16,1000,0,13,4,1000,.02936603173638403,sum_of_sum!,erase_clusters!,1,0,1,0,2,32640,0
0,2.038,.05918553670247396,256,16,1000,0,13,4,1000,.02936603173638403,sum_of_sum!,corrupt_clusters!,1,0,1,0,2,32640,0
0,1,.059234237670898436,256,16,1000,0,13,4,1000,.02936603173638403,sum_of_max!,erase_clusters!,1,0,1,0,2,32640,0
1,4,.05919189453125,256,16,1000,0,13,4,1000,.02936603173638403,sum_of_max!,corrupt_clusters!,1,0,1,0,2,32640,0
0,1.027,.05920880635579427,256,16,1000,0,13,4,1000,.02936603173638403,sum_of_sum!,erase_clusters!,1,0,1,0,2,32640,1
.0010000000000000009,3.02,.05922012329101563,256,16,1000,0,13,4,1000,.02936603173638403,sum_of_sum!,corrupt_clusters!,1,0,1,0,2,32640,1
1,4,.05922686258951823,256,16,1000,0,13,4,1000,.02936603173638403,sum_of_max!,erase_clusters!,1,0,1,0,2,32640,1
1,4,.05918057759602865,256,16,1000,0,13,4,1000,.02936603173638403,sum_of_max!,corrupt_clusters!,1,0,1,0,2,32640,1
.009000000000000008,2.027,.015144602457682291,256,16,1000,0,14,4,1000,.015135983240170531,sum_of_sum!,erase_clusters!,1,0,1,0,1,256,0
.5509999999999999,3.535,.015143076578776041,256,16,1000,0,14,4,1000,.015135983240170531,sum_of_sum!,corrupt_clusters!,1,0,1,0,1,256,0
.02100000000000002,1.553,.01514434814453125,256,16,1000,0,14,4,1000,.015135983240170531,sum_of_max!,erase_clusters!,1,0,1,0,1,256,0
1,4,.01513811747233073,256,16,1000,0,14,4,1000,.015135983240170531,sum_of_max!,corrupt_clusters!,1,0,1,0,1,256,0
.008000000000000007,2.028,.015138371785481771,256,16,1000,0,14,4,1000,.015135983240170531,sum_of_sum!,erase_clusters!,1,0,1,0,1,256,1
.51,3.489,.015137608846028645,256,16,1000,0,14,4,1000,.015135983240170531,sum_of_sum!,corrupt_clusters!,1,0,1,0,1,256,1
.017000000000000015,1.52,.015140406290690104,256,16,1000,0,14,4,1000,.015135983240170531,sum_of_max!,erase_clusters!,1,0,1,0,1,256,1
1,4,.01513824462890625,256,16,1000,0,14,4,1000,.015135983240170531,sum_of_max!,corrupt_clusters!,1,0,1,0,1,256,1
0,1,.059220504760742185,256,16,1000,0,11,4,1000,.02936603173638403,sum_of_sum!,erase_clusters!,1,0,1,0,2,32640,0
0,1.54,.05918668111165364,256,16,1000,0,11,4,1000,.02936603173638403,sum_of_sum!,corrupt_clusters!,1,0,1,0,2,32640,0
0,1,.05920079549153646,256,16,1000,0,11,4,1000,.02936603173638403,sum_of_max!,erase_clusters!,1,0,1,0,2,32640,0
1,4,.05924161275227865,256,16,1000,0,11,4,1000,.02936603173638403,sum_of_max!,corrupt_clusters!,1,0,1,0,2,32640,0
0,1,.059243392944335935,256,16,1000,0,11,4,1000,.02936603173638403,sum_of_sum!,erase_clusters!,1,0,1,0,2,32640,1
0,2.223,.05920257568359375,256,16,1000,0,11,4,1000,.02936603173638403,sum_of_sum!,corrupt_clusters!,1,0,1,0,2,32640,1
1,4,.059219741821289064,256,16,1000,0,11,4,1000,.02936603173638403,sum_of_max!,erase_clusters!,1,0,1,0,2,32640,1
1,4,.05920092264811198,256,16,1000,0,11,4,1000,.02936603173638403,sum_of_max!,corrupt_clusters!,1,0,1,0,2,32640,1
0,1,.05921503702799479,256,16,1000,0,12,4,1000,.02936603173638403,sum_of_sum!,erase_clusters!,1,0,1,0,2,32640,0
0,1.978,.0592108408610026,256,16,1000,0,12,4,1000,.02936603173638403,sum_of_sum!,corrupt_clusters!,1,0,1,0,2,32640,0
0,1,.05920499165852865,256,16,1000,0,12,4,1000,.02936603173638403,sum_of_max!,erase_clusters!,1,0,1,0,2,32640,0
1,4,.05921033223470052,256,16,1000,0,12,4,1000,.02936603173638403,sum_of_max!,corrupt_clusters!,1,0,1,0,2,32640,0
0,1.001,.0592187245686849,256,16,1000,0,12,4,1000,.02936603173638403,sum_of_sum!,erase_clusters!,1,0,1,0,2,32640,1
0,2.832,.059192657470703125,256,16,1000,0,12,4,1000,.02936603173638403,sum_of_sum!,corrupt_clusters!,1,0,1,0,2,32640,1
1,4,.0591949462890625,256,16,1000,0,12,4,1000,.02936603173638403,sum_of_max!,erase_clusters!,1,0,1,0,2,32640,1
1,4,.059188588460286455,256,16,1000,0,12,4,1000,.02936603173638403,sum_of_max!,corrupt_clusters!,1,0,1,0,2,32640,1
0,1.023,.05920906066894531,256,16,1000,0,13,4,1000,.02936603173638403,sum_of_sum!,erase_clusters!,1,0,1,0,2,32640,0
0,2.034,.05922826131184896,256,16,1000,0,13,4,1000,.02936603173638403,sum_of_sum!,corrupt_clusters!,1,0,1,0,2,32640,0
0,1.001,.05918896993001302,256,16,1000,0,13,4,1000,.02936603173638403,sum_of_max!,erase_clusters!,1,0,1,0,2,32640,0
1,4,.05921478271484375,256,16,1000,0,13,4,1000,.02936603173638403,sum_of_max!,corrupt_clusters!,1,0,1,0,2,32640,0
0,1.019,.05922063191731771,256,16,1000,0,13,4,1000,.02936603173638403,sum_of_sum!,erase_clusters!,1,0,1,0,2,32640,1
.0010000000000000009,3.03,.059213511149088544,256,16,1000,0,13,4,1000,.02936603173638403,sum_of_sum!,corrupt_clusters!,1,0,1,0,2,32640,1
1,4,.05920054117838542,256,16,1000,0,13,4,1000,.02936603173638403,sum_of_max!,erase_clusters!,1,0,1,0,2,32640,1
1,4,.05921109517415365,256,16,1000,0,13,4,1000,.02936603173638403,sum_of_max!,corrupt_clusters!,1,0,1,0,2,32640,1
0,1.851,.0592376708984375,256,16,1000,0,14,4,1000,.02936603173638403,sum_of_sum!,erase_clusters!,1,0,1,0,2,32640,0
.17400000000000004,3.26,.059223175048828125,256,16,1000,0,14,4,1000,.02936603173638403,sum_of_sum!,corrupt_clusters!,1,0,1,0,2,32640,0
0,1.075,.059217071533203124,256,16,1000,0,14,4,1000,.02936603173638403,sum_of_max!,erase_clusters!,1,0,1,0,2,32640,0
1,4,.059197489420572916,256,16,1000,0,14,4,1000,.02936603173638403,sum_of_max!,corrupt_clusters!,1,0,1,0,2,32640,0
0,2.604,.059212875366210935,256,16,1000,0,14,4,1000,.02936603173638403,sum_of_sum!,erase_clusters!,1,0,1,0,2,32640,1
.41700000000000004,3.857,.059201558430989586,256,16,1000,0,14,4,1000,.02936603173638403,sum_of_sum!,corrupt_clusters!,1,0,1,0,2,32640,1
1,4,.05920461018880208,256,16,1000,0,14,4,1000,.02936603173638403,sum_of_max!,erase_clusters!,1,0,1,0,2,32640,1
1,4,.0591894785563151,256,16,1000,0,14,4,1000,.02936603173638403,sum_of_max!,corrupt_clusters!,1,0,1,0,2,32640,1
0,1,.05920422871907552,256,16,1000,1,11,4,1000,.02936603173638403,sum_of_sum!,erase_clusters!,1,0,1,0,2,32640,0
0,1.2,.05922012329101563,256,16,1000,1,11,4,1000,.02936603173638403,sum_of_sum!,corrupt_clusters!,1,0,1,0,2,32640,0
0,1,.05921859741210937,256,16,1000,1,11,4,1000,.02936603173638403,sum_of_max!,erase_clusters!,1,0,1,0,2,32640,0
1,4,.059192657470703125,256,16,1000,1,11,4,1000,.02936603173638403,sum_of_max!,corrupt_clusters!,1,0,1,0,2,32640,0
0,1,.05922762552897135,256,16,1000,1,11,4,1000,.02936603173638403,sum_of_sum!,erase_clusters!,1,0,1,0,2,32640,1
1,4,.059224700927734374,256,16,1000,1,11,4,1000,.02936603173638403,sum_of_sum!,corrupt_clusters!,1,0,1,0,2,32640,1
1,4,.059211476643880205,256,16,1000,1,11,4,1000,.02936603173638403,sum_of_max!,erase_clusters!,1,0,1,0,2,32640,1
1,4,.05919939676920573,256,16,1000,1,11,4,1000,.02936603173638403,sum_of_max!,corrupt_clusters!,1,0,1,0,2,32640,1
0,1,.05919214884440104,256,16,1000,1,12,4,1000,.02936603173638403,sum_of_sum!,erase_clusters!,1,0,1,0,2,32640,0
0,1.917,.05921109517415365,256,16,1000,1,12,4,1000,.02936603173638403,sum_of_sum!,corrupt_clusters!,1,0,1,0,2,32640,0
0,1,.05920282999674479,256,16,1000,1,12,4,1000,.02936603173638403,sum_of_max!,erase_clusters!,1,0,1,0,2,32640,0
1,4,.059195454915364584,256,16,1000,1,12,4,1000,.02936603173638403,sum_of_max!,corrupt_clusters!,1,0,1,0,2,32640,0
0,1,.05917231241861979,256,16,1000,1,12,4,1000,.02936603173638403,sum_of_sum!,erase_clusters!,1,0,1,0,2,32640,1
1,4,.05919240315755208,256,16,1000,1,12,4,1000,.02936603173638403,sum_of_sum!,corrupt_clusters!,1,0,1,0,2,32640,1
1,4,.059221140543619794,256,16,1000,1,12,4,1000,.02936603173638403,sum_of_max!,erase_clusters!,1,0,1,0,2,32640,1
1,4,.05920689900716146,256,16,1000,1,12,4,1000,.02936603173638403,sum_of_max!,corrupt_clusters!,1,0,1,0,2,32640,1
0,1,.05922482808430989,256,16,1000,1,13,4,1000,.02936603173638403,sum_of_sum!,erase_clusters!,1,0,1,0,2,32640,0
0,2.021,.05922101338704427,256,16,1000,1,13,4,1000,.02936603173638403,sum_of_sum!,corrupt_clusters!,1,0,1,0,2,32640,0
0,1,.05921732584635417,256,16,1000,1,13,4,1000,.02936603173638403,sum_of_max!,erase_clusters!,1,0,1,0,2,32640,0
1,4,.05920893351236979,256,16,1000,1,13,4,1000,.02936603173638403,sum_of_max!,corrupt_clusters!,1,0,1,0,2,32640,0
0,1,.059203720092773436,256,16,1000,1,13,4,1000,.02936603173638403,sum_of_sum!,erase_clusters!,1,0,1,0,2,32640,1
1,4,.05922215779622396,256,16,1000,1,13,4,1000,.02936603173638403,sum_of_sum!,corrupt_clusters!,1,0,1,0,2,32640,1
1,4,.05920397440592448,256,16,1000,1,13,4,1000,.02936603173638403,sum_of_max!,erase_clusters!,1,0,1,0,2,32640,1
1,4,.059224446614583336,256,16,1000,1,13,4,1000,.02936603173638403,sum_of_max!,corrupt_clusters!,1,0,1,0,2,32640,1
0,1.062,.05920982360839844,256,16,1000,1,14,4,1000,.02936603173638403,sum_of_sum!,erase_clusters!,1,0,1,0,2,32640,0
.14600000000000002,3.207,.05921745300292969,256,16,1000,1,14,4,1000,.02936603173638403,sum_of_sum!,corrupt_clusters!,1,0,1,0,2,32640,0
0,1.048,.059229405721028645,256,16,1000,1,14,4,1000,.02936603173638403,sum_of_max!,erase_clusters!,1,0,1,0,2,32640,0
1,4,.05919227600097656,256,16,1000,1,14,4,1000,.02936603173638403,sum_of_max!,corrupt_clusters!,1,0,1,0,2,32640,0
.05800000000000005,1.179,.05921096801757812,256,16,1000,1,14,4,1000,.02936603173638403,sum_of_sum!,erase_clusters!,1,0,1,0,2,32640,1
1,4,.059227244059244795,256,16,1000,1,14,4,1000,.02936603173638403,sum_of_sum!,corrupt_clusters!,1,0,1,0,2,32640,1
1,4,.05919214884440104,256,16,1000,1,14,4,1000,.02936603173638403,sum_of_max!,erase_clusters!,1,0,1,0,2,32640,1
1,4,.05923512776692708,256,16,1000,1,14,4,1000,.02936603173638403,sum_of_max!,corrupt_clusters!,1,0,1,0,2,32640,1
0,1,.0592199961344401,256,16,1000,2,11,4,1000,.02936603173638403,sum_of_sum!,erase_clusters!,1,0,1,0,2,32640,0
0,1.124,.05925458272298177,256,16,1000,2,11,4,1000,.02936603173638403,sum_of_sum!,corrupt_clusters!,1,0,1,0,2,32640,0
0,1,.05919367472330729,256,16,1000,2,11,4,1000,.02936603173638403,sum_of_max!,erase_clusters!,1,0,1,0,2,32640,0
1,4,.05920740763346354,256,16,1000,2,11,4,1000,.02936603173638403,sum_of_max!,corrupt_clusters!,1,0,1,0,2,32640,0
0,1,.0592047373453776,256,16,1000,2,11,4,1000,.02936603173638403,sum_of_sum!,erase_clusters!,1,0,1,0,2,32640,1
1,4,.0592010498046875,256,16,1000,2,11,4,1000,.02936603173638403,sum_of_sum!,corrupt_clusters!,1,0,1,0,2,32640,1
1,4,.059189224243164064,256,16,1000,2,11,4,1000,.02936603173638403,sum_of_max!,erase_clusters!,1,0,1,0,2,32640,1
1,4,.059211476643880205,256,16,1000,2,11,4,1000,.02936603173638403,sum_of_max!,corrupt_clusters!,1,0,1,0,2,32640,1
0,1,.05915552775065104,256,16,1000,2,12,4,1000,.02936603173638403,sum_of_sum!,erase_clusters!,1,0,1,0,2,32640,0
0,1.815,.05921885172526042,256,16,1000,2,12,4,1000,.02936603173638403,sum_of_sum!,corrupt_clusters!,1,0,1,0,2,32640,0
0,1,.05920333862304687,256,16,1000,2,12,4,1000,.02936603173638403,sum_of_max!,erase_clusters!,1,0,1,0,2,32640,0
1,4,.059169896443684894,256,16,1000,2,12,4,1000,.02936603173638403,sum_of_max!,corrupt_clusters!,1,0,1,0,2,32640,0
0,1,.05923334757486979,256,16,1000,2,12,4,1000,.02936603173638403,sum_of_sum!,erase_clusters!,1,0,1,0,2,32640,1
1,4,.059182993570963544,256,16,1000,2,12,4,1000,.02936603173638403,sum_of_sum!,corrupt_clusters!,1,0,1,0,2,32640,1
1,4,.05917638142903646,256,16,1000,2,12,4,1000,.02936603173638403,sum_of_max!,erase_clusters!,1,0,1,0,2,32640,1
1,4,.05920244852701823,256,16,1000,2,12,4,1000,.02936603173638403,sum_of_max!,corrupt_clusters!,1,0,1,0,2,32640,1
0,1.001,.059236907958984376,256,16,1000,2,13,4,1000,.02936603173638403,sum_of_sum!,erase_clusters!,1,0,1,0,2,32640,0
0,2.012,.05923042297363281,256,16,1000,2,13,4,1000,.02936603173638403,sum_of_sum!,corrupt_clusters!,1,0,1,0,2,32640,0
0,1,.059183502197265626,256,16,1000,2,13,4,1000,.02936603173638403,sum_of_max!,erase_clusters!,1,0,1,0,2,32640,0
1,4,.059235763549804685,256,16,1000,2,13,4,1000,.02936603173638403,sum_of_max!,corrupt_clusters!,1,0,1,0,2,32640,0
.0010000000000000009,1.003,.05920333862304687,256,16,1000,2,13,4,1000,.02936603173638403,sum_of_sum!,erase_clusters!,1,0,1,0,2,32640,1
1,4,.05920867919921875,256,16,1000,2,13,4,1000,.02936603173638403,sum_of_sum!,corrupt_clusters!,1,0,1,0,2,32640,1
1,4,.059204355875651045,256,16,1000,2,13,4,1000,.02936603173638403,sum_of_max!,erase_clusters!,1,0,1,0,2,32640,1
1,4,.05920321146647135,256,16,1000,2,13,4,1000,.02936603173638403,sum_of_max!,corrupt_clusters!,1,0,1,0,2,32640,1
0,1.067,.05921478271484375,256,16,1000,2,14,4,1000,.02936603173638403,sum_of_sum!,erase_clusters!,1,0,1,0,2,32640,0
.17900000000000005,3.22,.05924301147460938,256,16,1000,2,14,4,1000,.02936603173638403,sum_of_sum!,corrupt_clusters!,1,0,1,0,2,32640,0
0,1.081,.05922139485677083,256,16,1000,2,14,4,1000,.02936603173638403,sum_of_max!,erase_clusters!,1,0,1,0,2,32640,0
1,4,.05922762552897135,256,16,1000,2,14,4,1000,.02936603173638403,sum_of_max!,corrupt_clusters!,1,0,1,0,2,32640,0
.05900000000000005,1.188,.05921160380045573,256,16,1000,2,14,4,1000,.02936603173638403,sum_of_sum!,erase_clusters!,1,0,1,0,2,32640,1
1,4,.059200286865234375,256,16,1000,2,14,4,1000,.02936603173638403,sum_of_sum!,corrupt_clusters!,1,0,1,0,2,32640,1
1,4,.059187825520833334,256,16,1000,2,14,4,1000,.02936603173638403,sum_of_max!,erase_clusters!,1,0,1,0,2,32640,1
1,4,.059219106038411455,256,16,1000,2,14,4,1000,.02936603173638403,sum_of_max!,corrupt_clusters!,1,0,1,0,2,32640,1
0,1,.11487464904785157,256,16,2000,0,11,4,1000,.0584777503217264,sum_of_sum!,erase_clusters!,1,0,1,0,2,32640,0
0,2,.11496365865071614,256,16,2000,0,11,4,1000,.0584777503217264,sum_of_sum!,corrupt_clusters!,1,0,1,0,2,32640,0
0,1,.11491851806640625,256,16,2000,0,11,4,1000,.0584777503217264,sum_of_max!,erase_clusters!,1,0,1,0,2,32640,0
1,4,.1149084726969401,256,16,2000,0,11,4,1000,.0584777503217264,sum_of_max!,corrupt_clusters!,1,0,1,0,2,32640,0
0,1,.1149573008219401,256,16,2000,0,11,4,1000,.0584777503217264,sum_of_sum!,erase_clusters!,1,0,1,0,2,32640,1
0,2.878,.1149664560953776,256,16,2000,0,11,4,1000,.0584777503217264,sum_of_sum!,corrupt_clusters!,1,0,1,0,2,32640,1
1,4,.11493695576985677,256,16,2000,0,11,4,1000,.0584777503217264,sum_of_max!,erase_clusters!,1,0,1,0,2,32640,1
1,4,.11490974426269532,256,16,2000,0,11,4,1000,.0584777503217264,sum_of_max!,corrupt_clusters!,1,0,1,0,2,32640,1
0,1.003,.11493937174479167,256,16,2000,0,12,4,1000,.0584777503217264,sum_of_sum!,erase_clusters!,1,0,1,0,2,32640,0
0,2.088,.11494547526041667,256,16,2000,0,12,4,1000,.0584777503217264,sum_of_sum!,corrupt_clusters!,1,0,1,0,2,32640,0
0,1,.11492474873860677,256,16,2000,0,12,4,1000,.0584777503217264,sum_of_max!,erase_clusters!,1,0,1,0,2,32640,0
1,4,.11494649251302083,256,16,2000,0,12,4,1000,.0584777503217264,sum_of_max!,corrupt_clusters!,1,0,1,0,2,32640,0
0,1.011,.11491533915201822,256,16,2000,0,12,4,1000,.0584777503217264,sum_of_sum!,erase_clusters!,1,0,1,0,2,32640,1
0,3.051,.11496200561523437,256,16,2000,0,12,4,1000,.0584777503217264,sum_of_sum!,corrupt_clusters!,1,0,1,0,2,32640,1
1,4,.1149542490641276,256,16,2000,0,12,4,1000,.0584777503217264,sum_of_max!,erase_clusters!,1,0,1,0,2,32640,1
1,4,.11490465799967448,256,16,2000,0,12,4,1000,.0584777503217264,sum_of_max!,corrupt_clusters!,1,0,1,0,2,32640,1
0,1.166,.1148699442545573,256,16,2000,0,13,4,1000,.0584777503217264,sum_of_sum!,erase_clusters!,1,0,1,0,2,32640,0
.04200000000000004,3.101,.11489957173665365,256,16,2000,0,13,4,1000,.0584777503217264,sum_of_sum!,corrupt_clusters!,1,0,1,0,2,32640,0
0,1.015,.11493174235026042,256,16,2000,0,13,4,1000,.0584777503217264,sum_of_max!,erase_clusters!,1,0,1,0,2,32640,0
1,4,.11490898132324219,256,16,2000,0,13,4,1000,.0584777503217264,sum_of_max!,corrupt_clusters!,1,0,1,0,2,32640,0
0,1.33,.11495310465494792,256,16,2000,0,13,4,1000,.0584777503217264,sum_of_sum!,erase_clusters!,1,0,1,0,2,32640,1
.29100000000000004,3.796,.11495183308919271,256,16,2000,0,13,4,1000,.0584777503217264,sum_of_sum!,corrupt_clusters!,1,0,1,0,2,32640,1
1,4,.11486180623372395,256,16,2000,0,13,4,1000,.0584777503217264,sum_of_max!,erase_clusters!,1,0,1,0,2,32640,1
1,4,.11489295959472656,256,16,2000,0,13,4,1000,.0584777503217264,sum_of_max!,corrupt_clusters!,1,0,1,0,2,32640,1
0,1.996,.11495246887207031,256,16,2000,0,14,4,1000,.0584777503217264,sum_of_sum!,erase_clusters!,1,0,1,0,2,32640,0
.83,3.947,.11485392252604167,256,16,2000,0,14,4,1000,.0584777503217264,sum_of_sum!,corrupt_clusters!,1,0,1,0,2,32640,0
0,1.493,.1148816426595052,256,16,2000,0,14,4,1000,.0584777503217264,sum_of_max!,erase_clusters!,1,0,1,0,2,32640,0
1,4,.11487642923990886,256,16,2000,0,14,4,1000,.0584777503217264,sum_of_max!,corrupt_clusters!,1,0,1,0,2,32640,0
0,3,.1149139404296875,256,16,2000,0,14,4,1000,.0584777503217264,sum_of_sum!,erase_clusters!,1,0,1,0,2,32640,1
.929,3.997,.11489105224609375,256,16,2000,0,14,4,1000,.0584777503217264,sum_of_sum!,corrupt_clusters!,1,0,1,0,2,32640,1
1,4,.11487325032552083,256,16,2000,0,14,4,1000,.0584777503217264,sum_of_max!,erase_clusters!,1,0,1,0,2,32640,1
1,4,.11492335001627604,256,16,2000,0,14,4,1000,.0584777503217264,sum_of_max!,corrupt_clusters!,1,0,1,0,2,32640,1
0,1,.11492830912272135,256,16,2000,1,11,4,1000,.0584777503217264,sum_of_sum!,erase_clusters!,1,0,1,0,2,32640,0
0,1.974,.11497090657552084,256,16,2000,1,11,4,1000,.0584777503217264,sum_of_sum!,corrupt_clusters!,1,0,1,0,2,32640,0
0,1,.11491432189941406,256,16,2000,1,11,4,1000,.0584777503217264,sum_of_max!,erase_clusters!,1,0,1,0,2,32640,0
1,4,.11488037109375,256,16,2000,1,11,4,1000,.0584777503217264,sum_of_max!,corrupt_clusters!,1,0,1,0,2,32640,0
0,1,.11494560241699218,256,16,2000,1,11,4,1000,.0584777503217264,sum_of_sum!,erase_clusters!,1,0,1,0,2,32640,1
1,4,.1148919423421224,256,16,2000,1,11,4,1000,.0584777503217264,sum_of_sum!,corrupt_clusters!,1,0,1,0,2,32640,1
1,4,.11492919921875,256,16,2000,1,11,4,1000,.0584777503217264,sum_of_max!,erase_clusters!,1,0,1,0,2,32640,1
1,4,.11495882670084635,256,16,2000,1,11,4,1000,.0584777503217264,sum_of_max!,corrupt_clusters!,1,0,1,0,2,32640,1
0,1.001,.11492754618326823,256,16,2000,1,12,4,1000,.0584777503217264,sum_of_sum!,erase_clusters!,1,0,1,0,2,32640,0
0,2.014,.11493568420410157,256,16,2000,1,12,4,1000,.0584777503217264,sum_of_sum!,corrupt_clusters!,1,0,1,0,2,32640,0
0,1,.11491928100585938,256,16,2000,1,12,4,1000,.0584777503217264,sum_of_max!,erase_clusters!,1,0,1,0,2,32640,0
1,4,.1149194081624349,256,16,2000,1,12,4,1000,.0584777503217264,sum_of_max!,corrupt_clusters!,1,0,1,0,2,32640,0
0,1,.11483751932779948,256,16,2000,1,12,4,1000,.0584777503217264,sum_of_sum!,erase_clusters!,1,0,1,0,2,32640,1
1,4,.11490898132324219,256,16,2000,1,12,4,1000,.0584777503217264,sum_of_sum!,corrupt_clusters!,1,0,1,0,2,32640,1
1,4,.11488405863444011,256,16,2000,1,12,4,1000,.0584777503217264,sum_of_max!,erase_clusters!,1,0,1,0,2,32640,1
1,4,.11490262349446614,256,16,2000,1,12,4,1000,.0584777503217264,sum_of_max!,corrupt_clusters!,1,0,1,0,2,32640,1
0,1.013,.11488278706868489,256,16,2000,1,13,4,1000,.0584777503217264,sum_of_sum!,erase_clusters!,1,0,1,0,2,32640,0
.018000000000000016,2.974,.1149389902750651,256,16,2000,1,13,4,1000,.0584777503217264,sum_of_sum!,corrupt_clusters!,1,0,1,0,2,32640,0
0,1.015,.11492182413736979,256,16,2000,1,13,4,1000,.0584777503217264,sum_of_max!,erase_clusters!,1,0,1,0,2,32640,0
1,4,.11486091613769531,256,16,2000,1,13,4,1000,.0584777503217264,sum_of_max!,corrupt_clusters!,1,0,1,0,2,32640,0
.013000000000000012,1.04,.11496264139811198,256,16,2000,1,13,4,1000,.0584777503217264,sum_of_sum!,erase_clusters!,1,0,1,0,2,32640,1
1,4,.11491406758626302,256,16,2000,1,13,4,1000,.0584777503217264,sum_of_sum!,corrupt_clusters!,1,0,1,0,2,32640,1
1,4,.11489346822102865,256,16,2000,1,13,4,1000,.0584777503217264,sum_of_max!,erase_clusters!,1,0,1,0,2,32640,1
1,4,.11493860880533854,256,16,2000,1,13,4,1000,.0584777503217264,sum_of_max!,corrupt_clusters!,1,0,1,0,2,32640,1
0,1.532,.11484273274739583,256,16,2000,1,14,4,1000,.0584777503217264,sum_of_sum!,erase_clusters!,1,0,1,0,2,32640,0
.77,3.916,.11491584777832031,256,16,2000,1,14,4,1000,.0584777503217264,sum_of_sum!,corrupt_clusters!,1,0,1,0,2,32640,0
0,1.482,.11494140625,256,16,2000,1,14,4,1000,.0584777503217264,sum_of_max!,erase_clusters!,1,0,1,0,2,32640,0
1,4,.11490122477213542,256,16,2000,1,14,4,1000,.0584777503217264,sum_of_max!,corrupt_clusters!,1,0,1,0,2,32640,0
.489,2.479,.1148541768391927,256,16,2000,1,14,4,1000,.0584777503217264,sum_of_sum!,erase_clusters!,1,0,1,0,2,32640,1
1,4,.11487477620442708,256,16,2000,1,14,4,1000,.0584777503217264,sum_of_sum!,corrupt_clusters!,1,0,1,0,2,32640,1
1,4,.11491508483886718,256,16,2000,1,14,4,1000,.0584777503217264,sum_of_max!,erase_clusters!,1,0,1,0,2,32640,1
1,4,.11489575703938802,256,16,2000,1,14,4,1000,.0584777503217264,sum_of_max!,corrupt_clusters!,1,0,1,0,2,32640,1
0,1,.11496658325195312,256,16,2000,2,11,4,1000,.0584777503217264,sum_of_sum!,erase_clusters!,1,0,1,0,2,32640,0
0,1.936,.11491203308105469,256,16,2000,2,11,4,1000,.0584777503217264,sum_of_sum!,corrupt_clusters!,1,0,1,0,2,32640,0
0,1,.11496874491373697,256,16,2000,2,11,4,1000,.0584777503217264,sum_of_max!,erase_clusters!,1,0,1,0,2,32640,0
1,4,.11491966247558594,256,16,2000,2,11,4,1000,.0584777503217264,sum_of_max!,corrupt_clusters!,1,0,1,0,2,32640,0
0,1,.11494166056315104,256,16,2000,2,11,4,1000,.0584777503217264,sum_of_sum!,erase_clusters!,1,0,1,0,2,32640,1
1,4,.1149078369140625,256,16,2000,2,11,4,1000,.0584777503217264,sum_of_sum!,corrupt_clusters!,1,0,1,0,2,32640,1
1,4,.11487236022949218,256,16,2000,2,11,4,1000,.0584777503217264,sum_of_max!,erase_clusters!,1,0,1,0,2,32640,1
1,4,.11493695576985677,256,16,2000,2,11,4,1000,.0584777503217264,sum_of_max!,corrupt_clusters!,1,0,1,0,2,32640,1
0,1.001,.11494890848795573,256,16,2000,2,12,4,1000,.0584777503217264,sum_of_sum!,erase_clusters!,1,0,1,0,2,32640,0
0,2.021,.11494255065917969,256,16,2000,2,12,4,1000,.0584777503217264,sum_of_sum!,corrupt_clusters!,1,0,1,0,2,32640,0
0,1,.11491902669270833,256,16,2000,2,12,4,1000,.0584777503217264,sum_of_max!,erase_clusters!,1,0,1,0,2,32640,0
1,4,.11487236022949218,256,16,2000,2,12,4,1000,.0584777503217264,sum_of_max!,corrupt_clusters!,1,0,1,0,2,32640,0
0,1,.11494674682617187,256,16,2000,2,12,4,1000,.0584777503217264,sum_of_sum!,erase_clusters!,1,0,1,0,2,32640,1
1,4,.11484260559082031,256,16,2000,2,12,4,1000,.0584777503217264,sum_of_sum!,corrupt_clusters!,1,0,1,0,2,32640,1
1,4,.11490224202473959,256,16,2000,2,12,4,1000,.0584777503217264,sum_of_max!,erase_clusters!,1,0,1,0,2,32640,1
1,4,.11488456726074218,256,16,2000,2,12,4,1000,.0584777503217264,sum_of_max!,corrupt_clusters!,1,0,1,0,2,32640,1
0,1.016,.11488367716471354,256,16,2000,2,13,4,1000,.0584777503217264,sum_of_sum!,erase_clusters!,1,0,1,0,2,32640,0
.010000000000000009,2.849,.11489613850911458,256,16,2000,2,13,4,1000,.0584777503217264,sum_of_sum!,corrupt_clusters!,1,0,1,0,2,32640,0
0,1.016,.11496849060058593,256,16,2000,2,13,4,1000,.0584777503217264,sum_of_max!,erase_clusters!,1,0,1,0,2,32640,0
1,4,.1149169921875,256,16,2000,2,13,4,1000,.0584777503217264,sum_of_max!,corrupt_clusters!,1,0,1,0,2,32640,0
.015000000000000013,1.045,.11492881774902344,256,16,2000,2,13,4,1000,.0584777503217264,sum_of_sum!,erase_clusters!,1,0,1,0,2,32640,1
1,4,.11492182413736979,256,16,2000,2,13,4,1000,.0584777503217264,sum_of_sum!,corrupt_clusters!,1,0,1,0,2,32640,1
1,4,.11494305928548178,256,16,2000,2,13,4,1000,.0584777503217264,sum_of_max!,erase_clusters!,1,0,1,0,2,32640,1
1,4,.1149786631266276,256,16,2000,2,13,4,1000,.0584777503217264,sum_of_max!,corrupt_clusters!,1,0,1,0,2,32640,1
0,1.522,.11483917236328126,256,16,2000,2,14,4,1000,.0584777503217264,sum_of_sum!,erase_clusters!,1,0,1,0,2,32640,0
.74,3.896,.1149725596110026,256,16,2000,2,14,4,1000,.0584777503217264,sum_of_sum!,corrupt_clusters!,1,0,1,0,2,32640,0
0,1.521,.11490809122721354,256,16,2000,2,14,4,1000,.0584777503217264,sum_of_max!,erase_clusters!,1,0,1,0,2,32640,0
0,1,.0592199961344401,256,16,1000,1,12,4,1000,.02936603173638403,sum_of_sum!,erase_clusters!,1,0,1,0,2,32640,0
0,1.914,.059203720092773436,256,16,1000,1,12,4,1000,.02936603173638403,sum_of_sum!,corrupt_clusters!,1,0,1,0,2,32640,0
0,1,.05920003255208333,256,16,1000,1,12,4,1000,.02936603173638403,sum_of_max!,erase_clusters!,1,0,1,0,2,32640,0
1,4,.059255727132161456,256,16,1000,1,12,4,1000,.02936603173638403,sum_of_max!,corrupt_clusters!,1,0,1,0,2,32640,0
0,1,.05919189453125,256,16,1000,1,13,4,1000,.02936603173638403,sum_of_sum!,erase_clusters!,1,0,1,0,2,32640,0
0,2.012,.05921223958333333,256,16,1000,1,13,4,1000,.02936603173638403,sum_of_sum!,corrupt_clusters!,1,0,1,0,2,32640,0
0,1,.059172439575195315,256,16,1000,1,13,4,1000,.02936603173638403,sum_of_max!,erase_clusters!,1,0,1,0,2,32640,0
1,4,.059200159708658856,256,16,1000,1,13,4,1000,.02936603173638403,sum_of_max!,corrupt_clusters!,1,0,1,0,2,32640,0
0,1.077,.059230677286783856,256,16,1000,1,14,4,1000,.02936603173638403,sum_of_sum!,erase_clusters!,1,0,1,0,2,32640,0
.18100000000000005,3.252,.05919456481933594,256,16,1000,1,14,4,1000,.02936603173638403,sum_of_sum!,corrupt_clusters!,1,0,1,0,2,32640,0
0,1.052,.05919380187988281,256,16,1000,1,14,4,1000,.02936603173638403,sum_of_max!,erase_clusters!,1,0,1,0,2,32640,0
1,4,.05921478271484375,256,16,1000,1,14,4,1000,.02936603173638403,sum_of_max!,corrupt_clusters!,1,0,1,0,2,32640,0
0,1.002,.11494089762369791,256,16,2000,1,12,4,1000,.0584777503217264,sum_of_sum!,erase_clusters!,1,0,1,0,2,32640,0
0,2.028,.11482556660970052,256,16,2000,1,12,4,1000,.0584777503217264,sum_of_sum!,corrupt_clusters!,1,0,1,0,2,32640,0
0,1,.11485633850097657,256,16,2000,1,12,4,1000,.0584777503217264,sum_of_max!,erase_clusters!,1,0,1,0,2,32640,0
1,4,.1148962656656901,256,16,2000,1,12,4,1000,.0584777503217264,sum_of_max!,corrupt_clusters!,1,0,1,0,2,32640,0
0,1.013,.11494102478027343,256,16,2000,1,13,4,1000,.0584777503217264,sum_of_sum!,erase_clusters!,1,0,1,0,2,32640,0
.028000000000000025,2.972,.11490503946940105,256,16,2000,1,13,4,1000,.0584777503217264,sum_of_sum!,corrupt_clusters!,1,0,1,0,2,32640,0
0,1.012,.11489613850911458,256,16,2000,1,13,4,1000,.0584777503217264,sum_of_max!,erase_clusters!,1,0,1,0,2,32640,0
1,4,.1149010976155599,256,16,2000,1,13,4,1000,.0584777503217264,sum_of_max!,corrupt_clusters!,1,0,1,0,2,32640,0
0,1.531,.11485214233398437,256,16,2000,1,14,4,1000,.0584777503217264,sum_of_sum!,erase_clusters!,1,0,1,0,2,32640,0
.783,3.928,.11489639282226563,256,16,2000,1,14,4,1000,.0584777503217264,sum_of_sum!,corrupt_clusters!,1,0,1,0,2,32640,0
0,1.493,.11488812764485677,256,16,2000,1,14,4,1000,.0584777503217264,sum_of_max!,erase_clusters!,1,0,1,0,2,32640,0
1,4,.11489702860514323,256,16,2000,1,14,4,1000,.0584777503217264,sum_of_max!,corrupt_clusters!,1,0,1,0,2,32640,0
0,1.002,.16738370259602864,256,16,3000,1,12,4,1000,.08749347999739017,sum_of_sum!,erase_clusters!,1,0,1,0,2,32640,0
.0020000000000000018,2.72,.16738395690917968,256,16,3000,1,12,4,1000,.08749347999739017,sum_of_sum!,corrupt_clusters!,1,0,1,0,2,32640,0
0,1.006,.16733487447102866,256,16,3000,1,12,4,1000,.08749347999739017,sum_of_max!,erase_clusters!,1,0,1,0,2,32640,0
1,4,.1672766367594401,256,16,3000,1,12,4,1000,.08749347999739017,sum_of_max!,corrupt_clusters!,1,0,1,0,2,32640,0
0,1.089,.16736590067545573,256,16,3000,1,13,4,1000,.08749347999739017,sum_of_sum!,erase_clusters!,1,0,1,0,2,32640,0
.385,3.736,.16740341186523439,256,16,3000,1,13,4,1000,.08749347999739017,sum_of_sum!,corrupt_clusters!,1,0,1,0,2,32640,0
0,1.102,.16735941569010418,256,16,3000,1,13,4,1000,.08749347999739017,sum_of_max!,erase_clusters!,1,0,1,0,2,32640,0
1,4,.16737276713053387,256,16,3000,1,13,4,1000,.08749347999739017,sum_of_max!,corrupt_clusters!,1,0,1,0,2,32640,0
0,1.935,.16736551920572917,256,16,3000,1,14,4,1000,.08749347999739017,sum_of_sum!,erase_clusters!,1,0,1,0,2,32640,0
.971,3.995,.16727320353190103,256,16,3000,1,14,4,1000,.08749347999739017,sum_of_sum!,corrupt_clusters!,1,0,1,0,2,32640,0
0,1.944,.16726671854654948,256,16,3000,1,14,4,1000,.08749347999739017,sum_of_max!,erase_clusters!,1,0,1,0,2,32640,0
1,4,.16730918884277343,256,16,3000,1,14,4,1000,.08749347999739017,sum_of_max!,corrupt_clusters!,1,0,1,0,2,32640,0
0,1.021,.216647211710612,256,16,4000,1,12,4,1000,.11644687434136945,sum_of_sum!,erase_clusters!,1,0,1,0,2,32640,0
.10199999999999998,3.412,.21668955485026042,256,16,4000,1,12,4,1000,.11644687434136945,sum_of_sum!,corrupt_clusters!,1,0,1,0,2,32640,0
0,1.025,.21665725708007813,256,16,4000,1,12,4,1000,.11644687434136945,sum_of_max!,erase_clusters!,1,0,1,0,2,32640,0
1,4,.2165704091389974,256,16,4000,1,12,4,1000,.11644687434136945,sum_of_max!,corrupt_clusters!,1,0,1,0,2,32640,0
0,1.342,.21671981811523439,256,16,4000,1,13,4,1000,.11644687434136945,sum_of_sum!,erase_clusters!,1,0,1,0,2,32640,0
.845,3.975,.2165660858154297,256,16,4000,1,13,4,1000,.11644687434136945,sum_of_sum!,corrupt_clusters!,1,0,1,0,2,32640,0
0,1.371,.21661059061686197,256,16,4000,1,13,4,1000,.11644687434136945,sum_of_max!,erase_clusters!,1,0,1,0,2,32640,0
1,4,.21663614908854167,256,16,4000,1,13,4,1000,.11644687434136945,sum_of_max!,corrupt_clusters!,1,0,1,0,2,32640,0
0,2,.21666946411132812,256,16,4000,1,14,4,1000,.11644687434136945,sum_of_sum!,erase_clusters!,1,0,1,0,2,32640,0
.993,3.999,.21674181620279948,256,16,4000,1,14,4,1000,.11644687434136945,sum_of_sum!,corrupt_clusters!,1,0,1,0,2,32640,0
0,2,.21673431396484374,256,16,4000,1,14,4,1000,.11644687434136945,sum_of_max!,erase_clusters!,1,0,1,0,2,32640,0
1,4,.2165709177652995,256,16,4000,1,14,4,1000,.11644687434136945,sum_of_max!,corrupt_clusters!,1,0,1,0,2,32640,0
0,1.096,.2629528045654297,256,16,5000,1,12,4,1000,.1453539165561627,sum_of_sum!,erase_clusters!,1,0,1,0,2,32640,0
.573,3.859,.26300264994303385,256,16,5000,1,12,4,1000,.1453539165561627,sum_of_sum!,corrupt_clusters!,1,0,1,0,2,32640,0
0,1.096,.2629131317138672,256,16,5000,1,12,4,1000,.1453539165561627,sum_of_max!,erase_clusters!,1,0,1,0,2,32640,0
1,4,.26306991577148436,256,16,5000,1,12,4,1000,.1453539165561627,sum_of_max!,corrupt_clusters!,1,0,1,0,2,32640,0
0,1.716,.2630451202392578,256,16,5000,1,13,4,1000,.1453539165561627,sum_of_sum!,erase_clusters!,1,0,1,0,2,32640,0
.974,3.996,.2630566914876302,256,16,5000,1,13,4,1000,.1453539165561627,sum_of_sum!,corrupt_clusters!,1,0,1,0,2,32640,0
0,1.729,.26301968892415367,256,16,5000,1,13,4,1000,.1453539165561627,sum_of_max!,erase_clusters!,1,0,1,0,2,32640,0
1,4,.2630809783935547,256,16,5000,1,13,4,1000,.1453539165561627,sum_of_max!,corrupt_clusters!,1,0,1,0,2,32640,0
0,2.007,.26311607360839845,256,16,5000,1,14,4,1000,.1453539165561627,sum_of_sum!,erase_clusters!,1,0,1,0,2,32640,0
1,4,.2630435943603516,256,16,5000,1,14,4,1000,.1453539165561627,sum_of_sum!,corrupt_clusters!,1,0,1,0,2,32640,0
0,2,.2628637949625651,256,16,5000,1,14,4,1000,.1453539165561627,sum_of_max!,erase_clusters!,1,0,1,0,2,32640,0
1,4,.26295572916666665,256,16,5000,1,14,4,1000,.1453539165561627,sum_of_max!,corrupt_clusters!,1,0,1,0,2,32640,0
0,1.265,.3066954294840495,256,16,6000,1,12,4,1000,.17422402054165534,sum_of_sum!,erase_clusters!,1,0,1,0,2,32640,0
.883,3.979,.3066230773925781,256,16,6000,1,12,4,1000,.17422402054165534,sum_of_sum!,corrupt_clusters!,1,0,1,0,2,32640,0
0,1.295,.30660667419433596,256,16,6000,1,12,4,1000,.17422402054165534,sum_of_max!,erase_clusters!,1,0,1,0,2,32640,0
1,4,.30663375854492186,256,16,6000,1,12,4,1000,.17422402054165534,sum_of_max!,corrupt_clusters!,1,0,1,0,2,32640,0
0,1.951,.30671234130859376,256,16,6000,1,13,4,1000,.17422402054165534,sum_of_sum!,erase_clusters!,1,0,1,0,2,32640,0
.998,4,.3066717783610026,256,16,6000,1,13,4,1000,.17422402054165534,sum_of_sum!,corrupt_clusters!,1,0,1,0,2,32640,0
0,1.935,.30652300516764325,256,16,6000,1,13,4,1000,.17422402054165534,sum_of_max!,erase_clusters!,1,0,1,0,2,32640,0
1,4,.3066151936848958,256,16,6000,1,13,4,1000,.17422402054165534,sum_of_max!,corrupt_clusters!,1,0,1,0,2,32640,0
0,2.308,.30648193359375,256,16,6000,1,14,4,1000,.17422402054165534,sum_of_sum!,erase_clusters!,1,0,1,0,2,32640,0
1,4,.30667750040690106,256,16,6000,1,14,4,1000,.17422402054165534,sum_of_sum!,corrupt_clusters!,1,0,1,0,2,32640,0
0,2.024,.3066277821858724,256,16,6000,1,14,4,1000,.17422402054165534,sum_of_max!,erase_clusters!,1,0,1,0,2,32640,0
1,4,.30670344034830727,256,16,6000,1,14,4,1000,.17422402054165534,sum_of_max!,corrupt_clusters!,1,0,1,0,2,32640,0
0,1.57,.34766019185384117,256,16,7000,1,12,4,1000,.20306340668756542,sum_of_sum!,erase_clusters!,1,0,1,0,2,32640,0
.98,4,.3478092193603516,256,16,7000,1,12,4,1000,.20306340668756542,sum_of_sum!,corrupt_clusters!,1,0,1,0,2,32640,0
0,1.564,.3476038614908854,256,16,7000,1,12,4,1000,.20306340668756542,sum_of_max!,erase_clusters!,1,0,1,0,2,32640,0
1,4,.34766693115234376,256,16,7000,1,12,4,1000,.20306340668756542,sum_of_max!,corrupt_clusters!,1,0,1,0,2,32640,0
0,1.997,.34763882954915365,256,16,7000,1,13,4,1000,.20306340668756542,sum_of_sum!,erase_clusters!,1,0,1,0,2,32640,0
1,4,.34762865702311196,256,16,7000,1,13,4,1000,.20306340668756542,sum_of_sum!,corrupt_clusters!,1,0,1,0,2,32640,0
0,1.996,.3476339975992839,256,16,7000,1,13,4,1000,.20306340668756542,sum_of_max!,erase_clusters!,1,0,1,0,2,32640,0
1,4,.3478234608968099,256,16,7000,1,13,4,1000,.20306340668756542,sum_of_max!,corrupt_clusters!,1,0,1,0,2,32640,0
0,2.945,.34774792989095055,256,16,7000,1,14,4,1000,.20306340668756542,sum_of_sum!,erase_clusters!,1,0,1,0,2,32640,0
1,4,.3477681477864583,256,16,7000,1,14,4,1000,.20306340668756542,sum_of_sum!,corrupt_clusters!,1,0,1,0,2,32640,0
0,2.432,.3476617177327474,256,16,7000,1,14,4,1000,.20306340668756542,sum_of_max!,erase_clusters!,1,0,1,0,2,32640,0
1,4,.3478694915771484,256,16,7000,1,14,4,1000,.20306340668756542,sum_of_max!,corrupt_clusters!,1,0,1,0,2,32640,0
0,1.843,.3861834208170573,256,16,8000,1,12,4,1000,.23187649607857225,sum_of_sum!,erase_clusters!,1,0,1,0,2,32640,0
.999,4,.3862659454345703,256,16,8000,1,12,4,1000,.23187649607857225,sum_of_sum!,corrupt_clusters!,1,0,1,0,2,32640,0
0,1.847,.3860992431640625,256,16,8000,1,12,4,1000,.23187649607857225,sum_of_max!,erase_clusters!,1,0,1,0,2,32640,0
1,4,.38632965087890625,256,16,8000,1,12,4,1000,.23187649607857225,sum_of_max!,corrupt_clusters!,1,0,1,0,2,32640,0
0,2.031,.38633753458658854,256,16,8000,1,13,4,1000,.23187649607857225,sum_of_sum!,erase_clusters!,1,0,1,0,2,32640,0
1,4,.3863193511962891,256,16,8000,1,13,4,1000,.23187649607857225,sum_of_sum!,corrupt_clusters!,1,0,1,0,2,32640,0
0,2,.3864214579264323,256,16,8000,1,13,4,1000,.23187649607857225,sum_of_max!,erase_clusters!,1,0,1,0,2,32640,0
1,4,.3862077077229818,256,16,8000,1,13,4,1000,.23187649607857225,sum_of_max!,corrupt_clusters!,1,0,1,0,2,32640,0
.09399999999999997,3.542,.3862770080566406,256,16,8000,1,14,4,1000,.23187649607857225,sum_of_sum!,erase_clusters!,1,0,1,0,2,32640,0
1,4,.3864574432373047,256,16,8000,1,14,4,1000,.23187649607857225,sum_of_sum!,corrupt_clusters!,1,0,1,0,2,32640,0
.010000000000000009,3.065,.386270268758138,256,16,8000,1,14,4,1000,.23187649607857225,sum_of_max!,erase_clusters!,1,0,1,0,2,32640,0
1,4,.38617337544759117,256,16,8000,1,14,4,1000,.23187649607857225,sum_of_max!,corrupt_clusters!,1,0,1,0,2,32640,0
0,1.968,.4225369771321615,256,16,9000,1,12,4,1000,.2606665943568848,sum_of_sum!,erase_clusters!,1,0,1,0,2,32640,0
1,4,.42254384358723956,256,16,9000,1,12,4,1000,.2606665943568848,sum_of_sum!,corrupt_clusters!,1,0,1,0,2,32640,0
0,1.975,.42288347880045574,256,16,9000,1,12,4,1000,.2606665943568848,sum_of_max!,erase_clusters!,1,0,1,0,2,32640,0
1,4,.4224608103434245,256,16,9000,1,12,4,1000,.2606665943568848,sum_of_max!,corrupt_clusters!,1,0,1,0,2,32640,0
0,2.349,.42272923787434896,256,16,9000,1,13,4,1000,.2606665943568848,sum_of_sum!,erase_clusters!,1,0,1,0,2,32640,0
1,4,.4226281483968099,256,16,9000,1,13,4,1000,.2606665943568848,sum_of_sum!,corrupt_clusters!,1,0,1,0,2,32640,0
0,2.019,.42277870178222654,256,16,9000,1,13,4,1000,.2606665943568848,sum_of_max!,erase_clusters!,1,0,1,0,2,32640,0
1,4,.4226104736328125,256,16,9000,1,13,4,1000,.2606665943568848,sum_of_max!,corrupt_clusters!,1,0,1,0,2,32640,0
.73,3.978,.42258021036783855,256,16,9000,1,14,4,1000,.2606665943568848,sum_of_sum!,erase_clusters!,1,0,1,0,2,32640,0
1,4,.42261390686035155,256,16,9000,1,14,4,1000,.2606665943568848,sum_of_sum!,corrupt_clusters!,1,0,1,0,2,32640,0
.395,3.817,.4226525624593099,256,16,9000,1,14,4,1000,.2606665943568848,sum_of_max!,erase_clusters!,1,0,1,0,2,32640,0
1,4,.42269872029622396,256,16,9000,1,14,4,1000,.2606665943568848,sum_of_max!,corrupt_clusters!,1,0,1,0,2,32640,0
0,2.004,.45702832539876304,256,16,10000,1,12,4,1000,.2894362673571171,sum_of_sum!,erase_clusters!,1,0,1,0,2,32640,0
1,4,.45681190490722656,256,16,10000,1,12,4,1000,.2894362673571171,sum_of_sum!,corrupt_clusters!,1,0,1,0,2,32640,0
0,2.001,.4569103240966797,256,16,10000,1,12,4,1000,.2894362673571171,sum_of_max!,erase_clusters!,1,0,1,0,2,32640,0
1,4,.45678380330403645,256,16,10000,1,12,4,1000,.2894362673571171,sum_of_max!,corrupt_clusters!,1,0,1,0,2,32640,0
0,2.862,.4568756103515625,256,16,10000,1,13,4,1000,.2894362673571171,sum_of_sum!,erase_clusters!,1,0,1,0,2,32640,0
1,4,.4568223317464193,256,16,10000,1,13,4,1000,.2894362673571171,sum_of_sum!,corrupt_clusters!,1,0,1,0,2,32640,0
0,2.326,.45684280395507815,256,16,10000,1,13,4,1000,.2894362673571171,sum_of_max!,erase_clusters!,1,0,1,0,2,32640,0
1,4,.45690193176269533,256,16,10000,1,13,4,1000,.2894362673571171,sum_of_max!,corrupt_clusters!,1,0,1,0,2,32640,0
.988,4,.45714022318522135,256,16,10000,1,14,4,1000,.2894362673571171,sum_of_sum!,erase_clusters!,1,0,1,0,2,32640,0
1,4,.4568756103515625,256,16,10000,1,14,4,1000,.2894362673571171,sum_of_sum!,corrupt_clusters!,1,0,1,0,2,32640,0
.948,3.995,.45689417521158854,256,16,10000,1,14,4,1000,.2894362673571171,sum_of_max!,erase_clusters!,1,0,1,0,2,32640,0
1,4,.4569305419921875,256,16,10000,1,14,4,1000,.2894362673571171,sum_of_max!,corrupt_clusters!,1,0,1,0,2,32640,0
0,2.169,.4889026641845703,256,16,11000,1,12,4,1000,.3181875648436058,sum_of_sum!,erase_clusters!,1,0,1,0,2,32640,0
1,4,.4891975402832031,256,16,11000,1,12,4,1000,.3181875648436058,sum_of_sum!,corrupt_clusters!,1,0,1,0,2,32640,0
0,2.009,.4888927459716797,256,16,11000,1,12,4,1000,.3181875648436058,sum_of_max!,erase_clusters!,1,0,1,0,2,32640,0
1,4,.48911043802897136,256,16,11000,1,12,4,1000,.3181875648436058,sum_of_max!,corrupt_clusters!,1,0,1,0,2,32640,0
.06299999999999994,3.429,.48898773193359374,256,16,11000,1,13,4,1000,.3181875648436058,sum_of_sum!,erase_clusters!,1,0,1,0,2,32640,0
1,4,.4890478769938151,256,16,11000,1,13,4,1000,.3181875648436058,sum_of_sum!,corrupt_clusters!,1,0,1,0,2,32640,0
.0030000000000000027,2.904,.4891541798909505,256,16,11000,1,13,4,1000,.3181875648436058,sum_of_max!,erase_clusters!,1,0,1,0,2,32640,0
1,4,.48921928405761717,256,16,11000,1,13,4,1000,.3181875648436058,sum_of_max!,corrupt_clusters!,1,0,1,0,2,32640,0
1,4,.4889564514160156,256,16,11000,1,14,4,1000,.3181875648436058,sum_of_sum!,erase_clusters!,1,0,1,0,2,32640,0
1,4,.4891064961751302,256,16,11000,1,14,4,1000,.3181875648436058,sum_of_sum!,corrupt_clusters!,1,0,1,0,2,32640,0
1,4,.4889149983723958,256,16,11000,1,14,4,1000,.3181875648436058,sum_of_max!,erase_clusters!,1,0,1,0,2,32640,0
1,4,.48916918436686196,256,16,11000,1,14,4,1000,.3181875648436058,sum_of_max!,corrupt_clusters!,1,0,1,0,2,32640,0
0,2.646,.5191507975260417,256,16,12000,1,12,4,1000,.3469221621770607,sum_of_sum!,erase_clusters!,1,0,1,0,2,32640,0
1,4,.5193424224853516,256,16,12000,1,12,4,1000,.3469221621770607,sum_of_sum!,corrupt_clusters!,1,0,1,0,2,32640,0
0,2.133,.5193648020426432,256,16,12000,1,12,4,1000,.3469221621770607,sum_of_max!,erase_clusters!,1,0,1,0,2,32640,0
1,4,.5194507598876953,256,16,12000,1,12,4,1000,.3469221621770607,sum_of_max!,corrupt_clusters!,1,0,1,0,2,32640,0
.46399999999999997,3.915,.5194410959879557,256,16,12000,1,13,4,1000,.3469221621770607,sum_of_sum!,erase_clusters!,1,0,1,0,2,32640,0
1,4,.5192557017008463,256,16,12000,1,13,4,1000,.3469221621770607,sum_of_sum!,corrupt_clusters!,1,0,1,0,2,32640,0
.21299999999999997,3.57,.5195844014485677,256,16,12000,1,13,4,1000,.3469221621770607,sum_of_max!,erase_clusters!,1,0,1,0,2,32640,0
1,4,.5191432952880859,256,16,12000,1,13,4,1000,.3469221621770607,sum_of_max!,corrupt_clusters!,1,0,1,0,2,32640,0
1,4,.5193228403727214,256,16,12000,1,14,4,1000,.3469221621770607,sum_of_sum!,erase_clusters!,1,0,1,0,2,32640,0
1,4,.5190340677897135,256,16,12000,1,14,4,1000,.3469221621770607,sum_of_sum!,corrupt_clusters!,1,0,1,0,2,32640,0
1,4,.5192259470621745,256,16,12000,1,14,4,1000,.3469221621770607,sum_of_max!,erase_clusters!,1,0,1,0,2,32640,0
1,4,.5192689259847005,256,16,12000,1,14,4,1000,.3469221621770607,sum_of_max!,corrupt_clusters!,1,0,1,0,2,32640,0
.010000000000000009,3.132,.5475677490234375,256,16,13000,1,12,4,1000,.3756414544207511,sum_of_sum!,erase_clusters!,1,0,1,0,2,32640,0
1,4,.5478547414143881,256,16,13000,1,12,4,1000,.3756414544207511,sum_of_sum!,corrupt_clusters!,1,0,1,0,2,32640,0
0,2.57,.547772471110026,256,16,13000,1,12,4,1000,.3756414544207511,sum_of_max!,erase_clusters!,1,0,1,0,2,32640,0
1,4,.5478109995524089,256,16,13000,1,12,4,1000,.3756414544207511,sum_of_max!,corrupt_clusters!,1,0,1,0,2,32640,0
.953,3.999,.5479178110758464,256,16,13000,1,13,4,1000,.3756414544207511,sum_of_sum!,erase_clusters!,1,0,1,0,2,32640,0
1,4,.5477305094401042,256,16,13000,1,13,4,1000,.3756414544207511,sum_of_sum!,corrupt_clusters!,1,0,1,0,2,32640,0
.788,3.967,.5476312001546224,256,16,13000,1,13,4,1000,.3756414544207511,sum_of_max!,erase_clusters!,1,0,1,0,2,32640,0
1,4,.5477275848388672,256,16,13000,1,13,4,1000,.3756414544207511,sum_of_max!,corrupt_clusters!,1,0,1,0,2,32640,0
1,4,.5478883107503255,256,16,13000,1,14,4,1000,.3756414544207511,sum_of_sum!,erase_clusters!,1,0,1,0,2,32640,0
1,4,.5475980122884114,256,16,13000,1,14,4,1000,.3756414544207511,sum_of_sum!,corrupt_clusters!,1,0,1,0,2,32640,0
1,4,.5476968129475911,256,16,13000,1,14,4,1000,.3756414544207511,sum_of_max!,erase_clusters!,1,0,1,0,2,32640,0
1,4,.5477912902832032,256,16,13000,1,14,4,1000,.3756414544207511,sum_of_max!,corrupt_clusters!,1,0,1,0,2,32640,0
.21299999999999997,3.708,.5745104471842448,256,16,14000,1,12,4,1000,.40434662131783916,sum_of_sum!,erase_clusters!,1,0,1,0,2,32640,0
1,4,.5745522816975911,256,16,14000,1,12,4,1000,.40434662131783916,sum_of_sum!,corrupt_clusters!,1,0,1,0,2,32640,0
.02300000000000002,3.12,.5744707743326823,256,16,14000,1,12,4,1000,.40434662131783916,sum_of_max!,erase_clusters!,1,0,1,0,2,32640,0
1,4,.5744412740071615,256,16,14000,1,12,4,1000,.40434662131783916,sum_of_max!,corrupt_clusters!,1,0,1,0,2,32640,0
.999,4,.5744183858235677,256,16,14000,1,13,4,1000,.40434662131783916,sum_of_sum!,erase_clusters!,1,0,1,0,2,32640,0
1,4,.5745567321777344,256,16,14000,1,13,4,1000,.40434662131783916,sum_of_sum!,corrupt_clusters!,1,0,1,0,2,32640,0
.993,4,.5745211283365885,256,16,14000,1,13,4,1000,.40434662131783916,sum_of_max!,erase_clusters!,1,0,1,0,2,32640,0
1,4,.5743567148844401,256,16,14000,1,13,4,1000,.40434662131783916,sum_of_max!,corrupt_clusters!,1,0,1,0,2,32640,0
1,4,.5743136088053385,256,16,14000,1,14,4,1000,.40434662131783916,sum_of_sum!,erase_clusters!,1,0,1,0,2,32640,0
1,4,.5745531717936198,256,16,14000,1,14,4,1000,.40434662131783916,sum_of_sum!,corrupt_clusters!,1,0,1,0,2,32640,0
1,4,.5748149871826171,256,16,14000,1,14,4,1000,.40434662131783916,sum_of_max!,erase_clusters!,1,0,1,0,2,32640,0
1,4,.574490737915039,256,16,14000,1,14,4,1000,.40434662131783916,sum_of_max!,corrupt_clusters!,1,0,1,0,2,32640,0
.739,3.977,.5997309366861979,256,16,15000,1,12,4,1000,.43303867360967857,sum_of_sum!,erase_clusters!,1,0,1,0,2,32640,0
0,1,.015144093831380209,256,16,1000,1,8,4,1000,.015135983240170531,sum_of_sum!,corrupt_clusters!,1,0,1,0,1,256,0
0,1,.015142186482747396,256,16,1000,1,9,4,1000,.015135983240170531,sum_of_sum!,corrupt_clusters!,1,0,1,0,1,256,0
0,1.002,.015140787760416666,256,16,1000,1,10,4,1000,.015135983240170531,sum_of_sum!,corrupt_clusters!,1,0,1,0,1,256,0
0,1.04,.015143203735351562,256,16,1000,1,11,4,1000,.015135983240170531,sum_of_sum!,corrupt_clusters!,1,0,1,0,1,256,0
0,1.367,.015140151977539063,256,16,1000,1,12,4,1000,.015135983240170531,sum_of_sum!,corrupt_clusters!,1,0,1,0,1,256,0
.017000000000000015,1.997,.015140660603841146,256,16,1000,1,13,4,1000,.015135983240170531,sum_of_sum!,corrupt_clusters!,1,0,1,0,1,256,0
.538,3.449,.015142186482747396,256,16,1000,1,14,4,1000,.015135983240170531,sum_of_sum!,corrupt_clusters!,1,0,1,0,1,256,0
.966,3.963,.015143839518229167,256,16,1000,1,15,4,1000,.015135983240170531,sum_of_sum!,corrupt_clusters!,1,0,1,0,1,256,0
0,1,.04473190307617188,256,16,3000,1,8,4,1000,.044803334508749675,sum_of_sum!,corrupt_clusters!,1,0,1,0,1,256,0
0,1.016,.0447699228922526,256,16,3000,1,9,4,1000,.044803334508749675,sum_of_sum!,corrupt_clusters!,1,0,1,0,1,256,0
0,1.174,.0447472890218099,256,16,3000,1,10,4,1000,.044803334508749675,sum_of_sum!,corrupt_clusters!,1,0,1,0,1,256,0
0,1.752,.0447320302327474,256,16,3000,1,11,4,1000,.044803334508749675,sum_of_sum!,corrupt_clusters!,1,0,1,0,1,256,0
0,2.001,.04475746154785156,256,16,3000,1,12,4,1000,.044803334508749675,sum_of_sum!,corrupt_clusters!,1,0,1,0,1,256,0
.16700000000000004,3.16,.04474016825358073,256,16,3000,1,13,4,1000,.044803334508749675,sum_of_sum!,corrupt_clusters!,1,0,1,0,1,256,0
.894,3.925,.044760640462239584,256,16,3000,1,14,4,1000,.044803334508749675,sum_of_sum!,corrupt_clusters!,1,0,1,0,1,256,0
.991,3.999,.04475669860839844,256,16,3000,1,15,4,1000,.044803334508749675,sum_of_sum!,corrupt_clusters!,1,0,1,0,1,256,0
0,1.027,.07344957987467447,256,16,5000,1,8,4,1000,.07420367407509522,sum_of_sum!,corrupt_clusters!,1,0,1,0,1,256,0
0,1.164,.0734368642171224,256,16,5000,1,9,4,1000,.07420367407509522,sum_of_sum!,corrupt_clusters!,1,0,1,0,1,256,0
0,1.765,.0734588623046875,256,16,5000,1,10,4,1000,.07420367407509522,sum_of_sum!,corrupt_clusters!,1,0,1,0,1,256,0
0,1.994,.07349650065104167,256,16,5000,1,11,4,1000,.07420367407509522,sum_of_sum!,corrupt_clusters!,1,0,1,0,1,256,0
.018000000000000016,2.772,.07347806294759114,256,16,5000,1,12,4,1000,.07420367407509522,sum_of_sum!,corrupt_clusters!,1,0,1,0,1,256,0
.671,3.861,.07347259521484376,256,16,5000,1,13,4,1000,.07420367407509522,sum_of_sum!,corrupt_clusters!,1,0,1,0,1,256,0
.976,3.99,.07347819010416666,256,16,5000,1,14,4,1000,.07420367407509522,sum_of_sum!,corrupt_clusters!,1,0,1,0,1,256,0
.999,4,.07347310384114583,256,16,5000,1,15,4,1000,.07420367407509522,sum_of_sum!,corrupt_clusters!,1,0,1,0,1,256,0
0,1.125,.10129051208496094,256,16,7000,1,8,4,1000,.10345306721407092,sum_of_sum!,corrupt_clusters!,1,0,1,0,1,256,0
0,1.6,.10130233764648437,256,16,7000,1,9,4,1000,.10345306721407092,sum_of_sum!,corrupt_clusters!,1,0,1,0,1,256,0
0,1.977,.10132942199707032,256,16,7000,1,10,4,1000,.10345306721407092,sum_of_sum!,corrupt_clusters!,1,0,1,0,1,256,0
.0010000000000000009,2.342,.1013390858968099,256,16,7000,1,11,4,1000,.10345306721407092,sum_of_sum!,corrupt_clusters!,1,0,1,0,1,256,0
.28400000000000003,3.515,.10125732421875,256,16,7000,1,12,4,1000,.10345306721407092,sum_of_sum!,corrupt_clusters!,1,0,1,0,1,256,0
.896,3.963,.10129178365071614,256,16,7000,1,13,4,1000,.10345306721407092,sum_of_sum!,corrupt_clusters!,1,0,1,0,1,256,0
.997,4,.10131251017252604,256,16,7000,1,14,4,1000,.10345306721407092,sum_of_sum!,corrupt_clusters!,1,0,1,0,1,256,0
1,4,.10133272806803385,256,16,7000,1,15,4,1000,.10345306721407092,sum_of_sum!,corrupt_clusters!,1,0,1,0,1,256,0
0,1.376,.12830785115559895,256,16,9000,1,8,4,1000,.1325961578909633,sum_of_sum!,corrupt_clusters!,1,0,1,0,1,256,0
0,1.917,.12827974955240887,256,16,9000,1,9,4,1000,.1325961578909633,sum_of_sum!,corrupt_clusters!,1,0,1,0,1,256,0
0,2.08,.12825037638346354,256,16,9000,1,10,4,1000,.1325961578909633,sum_of_sum!,corrupt_clusters!,1,0,1,0,1,256,0
.05600000000000005,3.058,.12829488118489582,256,16,9000,1,11,4,1000,.1325961578909633,sum_of_sum!,corrupt_clusters!,1,0,1,0,1,256,0
.683,3.877,.12830187479654948,256,16,9000,1,12,4,1000,.1325961578909633,sum_of_sum!,corrupt_clusters!,1,0,1,0,1,256,0
.971,3.994,.12831395467122395,256,16,9000,1,13,4,1000,.1325961578909633,sum_of_sum!,corrupt_clusters!,1,0,1,0,1,256,0
.999,4,.1283117930094401,256,16,9000,1,14,4,1000,.1325961578909633,sum_of_sum!,corrupt_clusters!,1,0,1,0,1,256,0
1,4,.1283312479654948,256,16,9000,1,15,4,1000,.1325961578909633,sum_of_sum!,corrupt_clusters!,1,0,1,0,1,256,0
0,1.751,.15446523030598958,256,16,11000,1,8,4,1000,.1616570313852573,sum_of_sum!,corrupt_clusters!,1,0,1,0,1,256,0
0,1.992,.15450057983398438,256,16,11000,1,9,4,1000,.1616570313852573,sum_of_sum!,corrupt_clusters!,1,0,1,0,1,256,0
.0020000000000000018,2.504,.15456072489420572,256,16,11000,1,10,4,1000,.1616570313852573,sum_of_sum!,corrupt_clusters!,1,0,1,0,1,256,0
.30900000000000005,3.609,.15447998046875,256,16,11000,1,11,4,1000,.1616570313852573,sum_of_sum!,corrupt_clusters!,1,0,1,0,1,256,0
.893,3.973,.15457903544108073,256,16,11000,1,12,4,1000,.1616570313852573,sum_of_sum!,corrupt_clusters!,1,0,1,0,1,256,0
.992,3.998,.15454495747884114,256,16,11000,1,13,4,1000,.1616570313852573,sum_of_sum!,corrupt_clusters!,1,0,1,0,1,256,0
1,4,.1545879364013672,256,16,11000,1,14,4,1000,.1616570313852573,sum_of_sum!,corrupt_clusters!,1,0,1,0,1,256,0
1,4,.15450210571289064,256,16,11000,1,15,4,1000,.1616570313852573,sum_of_sum!,corrupt_clusters!,1,0,1,0,1,256,0
0,1.932,.1800116221110026,256,16,13000,1,8,4,1000,.19065082396997562,sum_of_sum!,corrupt_clusters!,1,0,1,0,1,256,0
0,2.132,.179901123046875,256,16,13000,1,9,4,1000,.19065082396997562,sum_of_sum!,corrupt_clusters!,1,0,1,0,1,256,0
.051000000000000045,3.07,.17994194030761718,256,16,13000,1,10,4,1000,.19065082396997562,sum_of_sum!,corrupt_clusters!,1,0,1,0,1,256,0
.665,3.865,.1799120585123698,256,16,13000,1,11,4,1000,.19065082396997562,sum_of_sum!,corrupt_clusters!,1,0,1,0,1,256,0
.968,3.997,.1800373077392578,256,16,13000,1,12,4,1000,.19065082396997562,sum_of_sum!,corrupt_clusters!,1,0,1,0,1,256,0
.998,4,.18000996907552083,256,16,13000,1,13,4,1000,.19065082396997562,sum_of_sum!,corrupt_clusters!,1,0,1,0,1,256,0
1,4,.17994232177734376,256,16,13000,1,14,4,1000,.19065082396997562,sum_of_sum!,corrupt_clusters!,1,0,1,0,1,256,0
1,4,.1798938751220703,256,16,13000,1,15,4,1000,.19065082396997562,sum_of_sum!,corrupt_clusters!,1,0,1,0,1,256,0
0,1.999,.20463536580403646,256,16,15000,1,8,4,1000,.21958794616647603,sum_of_sum!,corrupt_clusters!,1,0,1,0,1,256,0
.0040000000000000036,2.533,.20450299580891926,256,16,15000,1,9,4,1000,.21958794616647603,sum_of_sum!,corrupt_clusters!,1,0,1,0,1,256,0
.27,3.566,.2046520233154297,256,16,15000,1,10,4,1000,.21958794616647603,sum_of_sum!,corrupt_clusters!,1,0,1,0,1,256,0
.855,3.96,.20460650126139324,256,16,15000,1,11,4,1000,.21958794616647603,sum_of_sum!,corrupt_clusters!,1,0,1,0,1,256,0
.995,3.999,.20454991658528646,256,16,15000,1,12,4,1000,.21958794616647603,sum_of_sum!,corrupt_clusters!,1,0,1,0,1,256,0
1,4,.2045129140218099,256,16,15000,1,13,4,1000,.21958794616647603,sum_of_sum!,corrupt_clusters!,1,0,1,0,1,256,0
1,4,.20458335876464845,256,16,15000,1,14,4,1000,.21958794616647603,sum_of_sum!,corrupt_clusters!,1,0,1,0,1,256,0
1,4,.20461095174153646,256,16,15000,1,15,4,1000,.21958794616647603,sum_of_sum!,corrupt_clusters!,1,0,1,0,1,256,0
0,2.13,.2284687042236328,256,16,17000,1,8,4,1000,.24847600286604424,sum_of_sum!,corrupt_clusters!,1,0,1,0,1,256,0
.03700000000000003,2.977,.2286328633626302,256,16,17000,1,9,4,1000,.24847600286604424,sum_of_sum!,corrupt_clusters!,1,0,1,0,1,256,0
.5609999999999999,3.808,.22848167419433593,256,16,17000,1,10,4,1000,.24847600286604424,sum_of_sum!,corrupt_clusters!,1,0,1,0,1,256,0
.954,3.988,.2284881591796875,256,16,17000,1,11,4,1000,.24847600286604424,sum_of_sum!,corrupt_clusters!,1,0,1,0,1,256,0
.998,4,.2284320831298828,256,16,17000,1,12,4,1000,.24847600286604424,sum_of_sum!,corrupt_clusters!,1,0,1,0,1,256,0
1,4,.22855923970540365,256,16,17000,1,13,4,1000,.24847600286604424,sum_of_sum!,corrupt_clusters!,1,0,1,0,1,256,0
1,4,.22844785054524738,256,16,17000,1,14,4,1000,.24847600286604424,sum_of_sum!,corrupt_clusters!,1,0,1,0,1,256,0
1,4,.22850875854492186,256,16,17000,1,15,4,1000,.24847600286604424,sum_of_sum!,corrupt_clusters!,1,0,1,0,1,256,0
0,2.424,.251696523030599,256,16,19000,1,8,4,1000,.277320795165506,sum_of_sum!,corrupt_clusters!,1,0,1,0,1,256,0
.18000000000000005,3.42,.25171546936035155,256,16,19000,1,9,4,1000,.277320795165506,sum_of_sum!,corrupt_clusters!,1,0,1,0,1,256,0
.779,3.935,.2516637166341146,256,16,19000,1,10,4,1000,.277320795165506,sum_of_sum!,corrupt_clusters!,1,0,1,0,1,256,0
.983,3.998,.2517101287841797,256,16,19000,1,11,4,1000,.277320795165506,sum_of_sum!,corrupt_clusters!,1,0,1,0,1,256,0
1,4,.251669184366862,256,16,19000,1,12,4,1000,.277320795165506,sum_of_sum!,corrupt_clusters!,1,0,1,0,1,256,0
1,4,.2516190846761068,256,16,19000,1,13,4,1000,.277320795165506,sum_of_sum!,corrupt_clusters!,1,0,1,0,1,256,0
1,4,.2516376495361328,256,16,19000,1,14,4,1000,.277320795165506,sum_of_sum!,corrupt_clusters!,1,0,1,0,1,256,0
1,4,.2517756144205729,256,16,19000,1,15,4,1000,.277320795165506,sum_of_sum!,corrupt_clusters!,1,0,1,0,1,256,0
.02400000000000002,2.852,.27422332763671875,256,16,21000,1,8,4,1000,.30612689515987934,sum_of_sum!,corrupt_clusters!,1,0,1,0,1,256,0
.43999999999999995,3.726,.2741715749104818,256,16,21000,1,9,4,1000,.30612689515987934,sum_of_sum!,corrupt_clusters!,1,0,1,0,1,256,0
.901,3.982,.27410443623860675,256,16,21000,1,10,4,1000,.30612689515987934,sum_of_sum!,corrupt_clusters!,1,0,1,0,1,256,0
.997,3.999,.27426795959472655,256,16,21000,1,11,4,1000,.30612689515987934,sum_of_sum!,corrupt_clusters!,1,0,1,0,1,256,0
1,4,.2741085052490234,256,16,21000,1,12,4,1000,.30612689515987934,sum_of_sum!,corrupt_clusters!,1,0,1,0,1,256,0
1,4,.27414894104003906,256,16,21000,1,13,4,1000,.30612689515987934,sum_of_sum!,corrupt_clusters!,1,0,1,0,1,256,0
1,4,.27423248291015623,256,16,21000,1,14,4,1000,.30612689515987934,sum_of_sum!,corrupt_clusters!,1,0,1,0,1,256,0
1,4,.27412439982096354,256,16,21000,1,15,4,1000,.30612689515987934,sum_of_sum!,corrupt_clusters!,1,0,1,0,1,256,0
.10199999999999998,3.251,.2959344228108724,256,16,23000,1,8,4,1000,.334897999631686,sum_of_sum!,corrupt_clusters!,1,0,1,0,1,256,0
.669,3.887,.29586690266927085,256,16,23000,1,9,4,1000,.334897999631686,sum_of_sum!,corrupt_clusters!,1,0,1,0,1,256,0
.956,3.995,.29600728352864586,256,16,23000,1,10,4,1000,.334897999631686,sum_of_sum!,corrupt_clusters!,1,0,1,0,1,256,0
.998,4,.2960723876953125,256,16,23000,1,11,4,1000,.334897999631686,sum_of_sum!,corrupt_clusters!,1,0,1,0,1,256,0
1,4,.29597447713216146,256,16,23000,1,12,4,1000,.334897999631686,sum_of_sum!,corrupt_clusters!,1,0,1,0,1,256,0
0,1,.06635971069335937,256,16,500,1,8,4,1000,.02126079722607268,sum_of_sum!,corrupt_clusters!,1,0,1,0,3,2763520,0
0,1,.06634356180826823,256,16,500,1,9,4,1000,.02126079722607268,sum_of_sum!,corrupt_clusters!,1,0,1,0,3,2763520,0
0,1.004,.06637636820475261,256,16,500,1,10,4,1000,.02126079722607268,sum_of_sum!,corrupt_clusters!,1,0,1,0,3,2763520,0
0,1.108,.0663744608561198,256,16,500,1,11,4,1000,.02126079722607268,sum_of_sum!,corrupt_clusters!,1,0,1,0,3,2763520,0
0,1.832,.06636072794596354,256,16,500,1,12,4,1000,.02126079722607268,sum_of_sum!,corrupt_clusters!,1,0,1,0,3,2763520,0
0,1.999,.06633313496907552,256,16,500,1,13,4,1000,.02126079722607268,sum_of_sum!,corrupt_clusters!,1,0,1,0,3,2763520,0
.016000000000000014,2.752,.06632372538248697,256,16,500,1,14,4,1000,.02126079722607268,sum_of_sum!,corrupt_clusters!,1,0,1,0,3,2763520,0
.85,3.936,.066339111328125,256,16,500,1,15,4,1000,.02126079722607268,sum_of_sum!,corrupt_clusters!,1,0,1,0,3,2763520,0
0,1.001,.12829513549804689,256,16,1000,1,8,4,1000,.04239443787662453,sum_of_sum!,corrupt_clusters!,1,0,1,0,3,2763520,0
0,1.033,.12833150227864584,256,16,1000,1,9,4,1000,.04239443787662453,sum_of_sum!,corrupt_clusters!,1,0,1,0,3,2763520,0
0,1.344,.12833518981933595,256,16,1000,1,10,4,1000,.04239443787662453,sum_of_sum!,corrupt_clusters!,1,0,1,0,3,2763520,0
0,1.941,.1283459981282552,256,16,1000,1,11,4,1000,.04239443787662453,sum_of_sum!,corrupt_clusters!,1,0,1,0,3,2763520,0
0,2,.12831891377766927,256,16,1000,1,12,4,1000,.04239443787662453,sum_of_sum!,corrupt_clusters!,1,0,1,0,3,2763520,0
0,2.497,.1283702850341797,256,16,1000,1,13,4,1000,.04239443787662453,sum_of_sum!,corrupt_clusters!,1,0,1,0,3,2763520,0
.358,3.687,.1283594767252604,256,16,1000,1,14,4,1000,.04239443787662453,sum_of_sum!,corrupt_clusters!,1,0,1,0,3,2763520,0
.983,3.995,.1283100128173828,256,16,1000,1,15,4,1000,.04239443787662453,sum_of_sum!,corrupt_clusters!,1,0,1,0,3,2763520,0
0,1.043,.18619600931803384,256,16,1500,1,8,4,1000,.06348008407233709,sum_of_sum!,corrupt_clusters!,1,0,1,0,3,2763520,0
0,1.374,.1861456553141276,256,16,1500,1,9,4,1000,.06348008407233709,sum_of_sum!,corrupt_clusters!,1,0,1,0,3,2763520,0
0,1.939,.18625411987304688,256,16,1500,1,10,4,1000,.06348008407233709,sum_of_sum!,corrupt_clusters!,1,0,1,0,3,2763520,0
0,2,.18620681762695312,256,16,1500,1,11,4,1000,.06348008407233709,sum_of_sum!,corrupt_clusters!,1,0,1,0,3,2763520,0
0,2.167,.18616714477539062,256,16,1500,1,12,4,1000,.06348008407233709,sum_of_sum!,corrupt_clusters!,1,0,1,0,3,2763520,0
.049000000000000044,3.255,.18615125020345052,256,16,1500,1,13,4,1000,.06348008407233709,sum_of_sum!,corrupt_clusters!,1,0,1,0,3,2763520,0
.832,3.966,.18622754414876302,256,16,1500,1,14,4,1000,.06348008407233709,sum_of_sum!,corrupt_clusters!,1,0,1,0,3,2763520,0
1,4,.18622894287109376,256,16,1500,1,15,4,1000,.06348008407233709,sum_of_sum!,corrupt_clusters!,1,0,1,0,3,2763520,0
0,1.24,.2402460734049479,256,16,2000,1,8,4,1000,.08453456260220739,sum_of_sum!,corrupt_clusters!,1,0,1,0,3,2763520,0
0,1.853,.24018758138020832,256,16,2000,1,9,4,1000,.08453456260220739,sum_of_sum!,corrupt_clusters!,1,0,1,0,3,2763520,0
0,1.998,.24010950724283855,256,16,2000,1,10,4,1000,.08453456260220739,sum_of_sum!,corrupt_clusters!,1,0,1,0,3,2763520,0
0,2.036,.24014956156412762,256,16,2000,1,11,4,1000,.08453456260220739,sum_of_sum!,corrupt_clusters!,1,0,1,0,3,2763520,0
0,2.847,.2402220408121745,256,16,2000,1,12,4,1000,.08453456260220739,sum_of_sum!,corrupt_clusters!,1,0,1,0,3,2763520,0
.42400000000000004,3.823,.2401142120361328,256,16,2000,1,13,4,1000,.08453456260220739,sum_of_sum!,corrupt_clusters!,1,0,1,0,3,2763520,0
.978,3.998,.24024683634440105,256,16,2000,1,14,4,1000,.08453456260220739,sum_of_sum!,corrupt_clusters!,1,0,1,0,3,2763520,0
1,4,.2401379903157552,256,16,2000,1,15,4,1000,.08453456260220739,sum_of_sum!,corrupt_clusters!,1,0,1,0,3,2763520,0
0,1.727,.29065335591634117,256,16,2500,1,8,4,1000,.10556586506748467,sum_of_sum!,corrupt_clusters!,1,0,1,0,3,2763520,0
0,1.994,.2907262166341146,256,16,2500,1,9,4,1000,.10556586506748467,sum_of_sum!,corrupt_clusters!,1,0,1,0,3,2763520,0
0,2.008,.290652592976888,256,16,2500,1,10,4,1000,.10556586506748467,sum_of_sum!,corrupt_clusters!,1,0,1,0,3,2763520,0
0,2.52,.2905872344970703,256,16,2500,1,11,4,1000,.10556586506748467,sum_of_sum!,corrupt_clusters!,1,0,1,0,3,2763520,0
.08699999999999997,3.437,.29052276611328126,256,16,2500,1,12,4,1000,.10556586506748467,sum_of_sum!,corrupt_clusters!,1,0,1,0,3,2763520,0
.84,3.984,.2905548095703125,256,16,2500,1,13,4,1000,.10556586506748467,sum_of_sum!,corrupt_clusters!,1,0,1,0,3,2763520,0
.997,3.999,.2906408945719401,256,16,2500,1,14,4,1000,.10556586506748467,sum_of_sum!,corrupt_clusters!,1,0,1,0,3,2763520,0
1,4,.2906258900960286,256,16,2500,1,15,4,1000,.10556586506748467,sum_of_sum!,corrupt_clusters!,1,0,1,0,3,2763520,0
0,1.955,.3375006357828776,256,16,3000,1,8,4,1000,.12657869841811167,sum_of_sum!,corrupt_clusters!,1,0,1,0,3,2763520,0
0,2,.3374863942464193,256,16,3000,1,9,4,1000,.12657869841811167,sum_of_sum!,corrupt_clusters!,1,0,1,0,3,2763520,0
0,2.165,.33766187032063805,256,16,3000,1,10,4,1000,.12657869841811167,sum_of_sum!,corrupt_clusters!,1,0,1,0,3,2763520,0
.0010000000000000009,3.014,.3377227783203125,256,16,3000,1,11,4,1000,.12657869841811167,sum_of_sum!,corrupt_clusters!,1,0,1,0,3,2763520,0
.373,3.826,.3376992543538411,256,16,3000,1,12,4,1000,.12657869841811167,sum_of_sum!,corrupt_clusters!,1,0,1,0,3,2763520,0
.975,3.999,.337591298421224,256,16,3000,1,13,4,1000,.12657869841811167,sum_of_sum!,corrupt_clusters!,1,0,1,0,3,2763520,0
1,4,.337741216023763,256,16,3000,1,14,4,1000,.12657869841811167,sum_of_sum!,corrupt_clusters!,1,0,1,0,3,2763520,0
1,4,.3377690633138021,256,16,3000,1,15,4,1000,.12657869841811167,sum_of_sum!,corrupt_clusters!,1,0,1,0,3,2763520,0
0,1.998,.3816524505615234,256,16,3500,1,8,4,1000,.14757617284894736,sum_of_sum!,corrupt_clusters!,1,0,1,0,3,2763520,0
0,2.043,.38175519307454425,256,16,3500,1,9,4,1000,.14757617284894736,sum_of_sum!,corrupt_clusters!,1,0,1,0,3,2763520,0
0,2.672,.3815842946370443,256,16,3500,1,10,4,1000,.14757617284894736,sum_of_sum!,corrupt_clusters!,1,0,1,0,3,2763520,0
.052000000000000046,3.437,.3817558288574219,256,16,3500,1,11,4,1000,.14757617284894736,sum_of_sum!,corrupt_clusters!,1,0,1,0,3,2763520,0
.813,3.978,.3815216064453125,256,16,3500,1,12,4,1000,.14757617284894736,sum_of_sum!,corrupt_clusters!,1,0,1,0,3,2763520,0
.994,4,.3817095438639323,256,16,3500,1,13,4,1000,.14757617284894736,sum_of_sum!,corrupt_clusters!,1,0,1,0,3,2763520,0
1,4,.3818475087483724,256,16,3500,1,14,4,1000,.14757617284894736,sum_of_sum!,corrupt_clusters!,1,0,1,0,3,2763520,0
1,4,.38156522115071617,256,16,3500,1,15,4,1000,.14757617284894736,sum_of_sum!,corrupt_clusters!,1,0,1,0,3,2763520,0
0,2.005,.42257830301920574,256,16,4000,1,8,4,1000,.16856049890233143,sum_of_sum!,corrupt_clusters!,1,0,1,0,3,2763520,0
0,2.325,.4225491841634115,256,16,4000,1,9,4,1000,.16856049890233143,sum_of_sum!,corrupt_clusters!,1,0,1,0,3,2763520,0
.0010000000000000009,3.041,.42255948384602865,256,16,4000,1,10,4,1000,.16856049890233143,sum_of_sum!,corrupt_clusters!,1,0,1,0,3,2763520,0
.33399999999999996,3.833,.42257474263509115,256,16,4000,1,11,4,1000,.16856049890233143,sum_of_sum!,corrupt_clusters!,1,0,1,0,3,2763520,0
.944,3.999,.42260882059733074,256,16,4000,1,12,4,1000,.16856049890233143,sum_of_sum!,corrupt_clusters!,1,0,1,0,3,2763520,0
1,4,.42279078165690104,256,16,4000,1,13,4,1000,.16856049890233143,sum_of_sum!,corrupt_clusters!,1,0,1,0,3,2763520,0
1,4,.42250696818033856,256,16,4000,1,14,4,1000,.16856049890233143,sum_of_sum!,corrupt_clusters!,1,0,1,0,3,2763520,0
1,4,.4230734507242839,256,16,4000,1,15,4,1000,.16856049890233143,sum_of_sum!,corrupt_clusters!,1,0,1,0,3,2763520,0
0,2.099,.46086298624674477,256,16,4500,1,8,4,1000,.18953332939936837,sum_of_sum!,corrupt_clusters!,1,0,1,0,3,2763520,0
0,2.747,.4611473083496094,256,16,4500,1,9,4,1000,.18953332939936837,sum_of_sum!,corrupt_clusters!,1,0,1,0,3,2763520,0
.04700000000000004,3.448,.4609508514404297,256,16,4500,1,10,4,1000,.18953332939936837,sum_of_sum!,corrupt_clusters!,1,0,1,0,3,2763520,0
.735,3.975,.4610318501790365,256,16,4500,1,11,4,1000,.18953332939936837,sum_of_sum!,corrupt_clusters!,1,0,1,0,3,2763520,0
.993,3.999,.46100807189941406,256,16,4500,1,12,4,1000,.18953332939936837,sum_of_sum!,corrupt_clusters!,1,0,1,0,3,2763520,0
1,4,.46108830769856773,256,16,4500,1,13,4,1000,.18953332939936837,sum_of_sum!,corrupt_clusters!,1,0,1,0,3,2763520,0
1,4,.4611315409342448,256,16,4500,1,14,4,1000,.18953332939936837,sum_of_sum!,corrupt_clusters!,1,0,1,0,3,2763520,0
1,4,.4610771179199219,256,16,4500,1,15,4,1000,.18953332939936837,sum_of_sum!,corrupt_clusters!,1,0,1,0,3,2763520,0
0,2.437,.4966978708902995,256,16,5000,1,8,4,1000,.21049594725736517,sum_of_sum!,corrupt_clusters!,1,0,1,0,3,2763520,0
0,3.038,.49669685363769533,256,16,5000,1,9,4,1000,.21049594725736517,sum_of_sum!,corrupt_clusters!,1,0,1,0,3,2763520,0
.32199999999999995,3.834,.49662933349609373,256,16,5000,1,10,4,1000,.21049594725736517,sum_of_sum!,corrupt_clusters!,1,0,1,0,3,2763520,0
.945,3.998,.4967717488606771,256,16,5000,1,11,4,1000,.21049594725736517,sum_of_sum!,corrupt_clusters!,1,0,1,0,3,2763520,0
.999,4,.4967952728271484,256,16,5000,1,12,4,1000,.21049594725736517,sum_of_sum!,corrupt_clusters!,1,0,1,0,3,2763520,0
1,4,.4967545827229818,256,16,5000,1,13,4,1000,.21049594725736517,sum_of_sum!,corrupt_clusters!,1,0,1,0,3,2763520,0
1,4,.49678217569986977,256,16,5000,1,14,4,1000,.21049594725736517,sum_of_sum!,corrupt_clusters!,1,0,1,0,3,2763520,0
1,4,.4967620849609375,256,16,5000,1,15,4,1000,.21049594725736517,sum_of_sum!,corrupt_clusters!,1,0,1,0,3,2763520,0
0,2.796,.5300914764404296,256,16,5500,1,8,4,1000,.23144937735849022,sum_of_sum!,corrupt_clusters!,1,0,1,0,3,2763520,0
.041000000000000036,3.493,.5300154368082682,256,16,5500,1,9,4,1000,.23144937735849022,sum_of_sum!,corrupt_clusters!,1,0,1,0,3,2763520,0
.655,3.969,.5303843180338542,256,16,5500,1,10,4,1000,.23144937735849022,sum_of_sum!,corrupt_clusters!,1,0,1,0,3,2763520,0
.99,4,.530221430460612,256,16,5500,1,11,4,1000,.23144937735849022,sum_of_sum!,corrupt_clusters!,1,0,1,0,3,2763520,0
